"","Macrophages","T cells"
"HMDB0000002",-0.999999992040407,-0.999999988412039
"HMDB0000005",5.29686838954064e-09,-0.999999998439988
"HMDB0000008",-0.988002995458192,2.33615329181107e-10
"HMDB0000010",2.66004862386255e-07,2.61006542618753e-08
"HMDB0000012",2.1149722903455e-05,3.67362817142266e-08
"HMDB0000014",-0.999988339806843,-0.999999973078965
"HMDB0000015",1.11270011760452e-07,2.67400627674555e-09
"HMDB0000016",1.23288752219536e-07,4.4392448014985e-09
"HMDB0000017",6.38434666126116e-08,-0.999999987256128
"HMDB0000020",9.36091822679693e-09,-0.999999989967054
"HMDB0000021",-0.999999988762532,-0.99999998460413
"HMDB0000022",-0.999991055627481,2.76842185553838e-05
"HMDB0000023",-0.999998958938237,2.8519721789962e-08
"HMDB0000026",2.23094128340673e-06,-0.999996047740075
"HMDB0000027",1.46161716651013e-05,1.58257537348445e-07
"HMDB0000030",5.58298477833324e-07,3.24952987411371e-08
"HMDB0000031",-0.999999810487434,4.25480613329278e-09
"HMDB0000032",0.0280275064066532,-0.999106309680913
"HMDB0000033",3.50279155395317e-06,3.97888415623272e-09
"HMDB0000034",-0.996992799358679,0.0173650526818019
"HMDB0000036",6.56076728421607e-07,3.9301735128971e-06
"HMDB0000037",1.05952124553712e-09,-0.99999998833985
"HMDB0000038",1.81543133831458e-05,-1.99999997578967
"HMDB0000039",-0.999999908868306,-0.999999918072439
"HMDB0000042",0.0435427192947556,-0.987723637002353
"HMDB0000043",2.86173733013236e-09,-0.999999970504168
"HMDB0000044",0.000537898764450652,-0.996241325281392
"HMDB0000045",0.00276257626661005,-0.971008679698874
"HMDB0000050",-0.996813189669546,-0.989137115665242
"HMDB0000051",0.959492663081813,0.232062690166375
"HMDB0000052",0.0016983011155301,0.00370208386370845
"HMDB0000053",4.87010127681743e-06,4.29475671143497e-09
"HMDB0000054",-0.999999055557839,-0.99999870185768
"HMDB0000056",-0.999997911275941,-0.999999990220559
"HMDB0000058",1.32059161098833e-05,1.5642298319153e-08
"HMDB0000060",0.000100050294521857,-0.999536530652909
"HMDB0000062",-0.997664745921481,-0.999127248152525
"HMDB0000063",-0.999998736171079,0.000775126752072487
"HMDB0000064",-0.999999960357485,3.42772375976872e-09
"HMDB0000067",0.0629791560264158,2.65214798531795e-05
"HMDB0000068",1.41598961508538e-07,-0.9999997648192
"HMDB0000071",2.73255511773528e-06,-0.999999996401515
"HMDB0000072",-0.99999994337254,1.87096187572603e-08
"HMDB0000073",1.98342437396945e-07,-0.999999843527366
"HMDB0000076",-0.999998045675538,3.81762425625831e-06
"HMDB0000077",0.000385579310290503,-0.999620928464267
"HMDB0000078",-0.999998418401576,1.17427031630963e-05
"HMDB0000079",-0.999999995813996,6.09463435459323e-09
"HMDB0000082",2.6373388886936e-05,1.82409736493842e-07
"HMDB0000085",-0.999999810230254,-0.999999976715346
"HMDB0000089",-0.999978119433476,-0.999998873419035
"HMDB0000092",-0.999999999243411,8.85246760950438e-08
"HMDB0000094",-0.900462927649824,4.09996059001917e-06
"HMDB0000095",3.09928257997411e-05,5.70218253819772e-06
"HMDB0000097",0.0169311055722853,0.00830102123353556
"HMDB0000098",6.66045724514805e-07,-0.999999946350083
"HMDB0000099",1.19946124551744e-09,1.69939079066125e-08
"HMDB0000101",4.20696093875125e-06,-0.999999957949289
"HMDB0000107",2.21935762925625e-09,-0.999999998789855
"HMDB0000108",-0.999992815768281,1.5908491512256e-05
"HMDB0000112",6.31880927977497e-08,3.96533583709774e-09
"HMDB0000115",3.59819387548354e-06,1.51358319198617e-06
"HMDB0000118",-0.999999092690636,8.75103538732197e-08
"HMDB0000119",2.865171426211e-06,-0.999999973280551
"HMDB0000121",3.49116183969739e-07,-0.99999999254877
"HMDB0000122",-0.995926644413928,-0.853319245996073
"HMDB0000123",0.391624103594137,0.275284140896011
"HMDB0000125",-0.999993855058449,1.99512219224235e-05
"HMDB0000126",0.0244644389696834,-0.831193928040225
"HMDB0000127",0.000181734576156051,0.00102146383215749
"HMDB0000128",0.00187217546959907,-0.999999934541422
"HMDB0000130",-0.999999971799487,-0.999999991847329
"HMDB0000131",-1.99103055689279,-2.99519369630807
"HMDB0000132",-0.999999974813127,9.52097117850179e-09
"HMDB0000133",9.52183502772019e-06,-0.999995164320018
"HMDB0000134",0.00878348053768241,-0.996215213093121
"HMDB0000138",6.4824259698864e-07,3.94114589625292e-06
"HMDB0000139",0.00748446134403584,0.00465257654715244
"HMDB0000142",3.74412001284721e-05,-0.9999978457649
"HMDB0000143",-0.999982195675399,-0.999996583673324
"HMDB0000145",1.2906764314537e-05,-0.999999942634718
"HMDB0000148",0.0118057459455244,0.00465660700079816
"HMDB0000149",0.000873328452819879,-0.999349293361619
"HMDB0000151",-0.999988123129888,1.14732826966607e-05
"HMDB0000152",2.31618910394476e-08,2.73819385389876e-09
"HMDB0000153",-0.999998978181724,-0.999988221279462
"HMDB0000156",-0.997582280998904,0.0326059420285041
"HMDB0000157",-0.999999935713159,-0.999999992331568
"HMDB0000158",-0.996102962278762,-0.980161098118313
"HMDB0000159",0.0009590760788296,-1.97326805420842
"HMDB0000161",0.0130742600738307,0.0406088143521482
"HMDB0000162",-0.937898039721079,-0.903421070537058
"HMDB0000163",1.54392040888053e-09,-0.99999998917967
"HMDB0000164",-0.999999993761664,-0.99999998712411
"HMDB0000167",-0.952108743289911,-0.893710746548676
"HMDB0000168",5.8833019287959e-05,-0.996852465054343
"HMDB0000169",-0.999942903380918,1.89477197764631e-06
"HMDB0000172",-0.998809806895303,-0.998007687356017
"HMDB0000174",2.69051933300501e-06,-0.999991000653948
"HMDB0000175",0.000323125302417495,-0.997437442919575
"HMDB0000177",0.00128181560678347,-0.985451860495925
"HMDB0000181",0.00142412586053674,-0.998758829783456
"HMDB0000182",-0.993698028215375,-0.964872996128025
"HMDB0000186",-0.993805631971108,0.0394375400228394
"HMDB0000187",-0.998300546519184,-0.995312528021979
"HMDB0000189",-0.999952645824483,6.31531644600372e-08
"HMDB0000190",-0.957080595738422,-0.986305045781865
"HMDB0000191",-0.999927521508522,0.0275230902356053
"HMDB0000192",-0.994373464149466,4.67760264850397e-08
"HMDB0000193",0.0200606175771641,-0.976720220751758
"HMDB0000195",-0.999403832297671,0.00248534443637654
"HMDB0000197",-1.95145449797159,-1.98630626220142
"HMDB0000201",0.000465803684859986,-0.999999951517368
"HMDB0000202",1.80669709600834e-06,6.58528006508539e-08
"HMDB0000205",0.00112339357833328,0.00261822519543935
"HMDB0000207",0.110344780806166,0.0348750517493618
"HMDB0000209",-0.999978587087176,-0.999983634374147
"HMDB0000210",0.000182541726255257,0.00130204935157549
"HMDB0000211",-0.999953804562419,-0.999999952017392
"HMDB0000212",1.12595701042332e-05,-0.999997555738748
"HMDB0000214",0.00270198530986871,-0.999999853407994
"HMDB0000215",1.92633620917082e-07,-0.999998741140778
"HMDB0000216",2.83093033444929e-07,-0.999999614608337
"HMDB0000217",-0.999999990530688,-0.999999997465721
"HMDB0000220",0.0841012871925156,0.0275927349856053
"HMDB0000222",9.08402376992802e-05,-0.999999911271886
"HMDB0000223",0.0180687852248872,-0.904622730352889
"HMDB0000226",3.78302964622242e-05,2.02497927933369e-05
"HMDB0000230",-0.999999217876433,-0.999996347302439
"HMDB0000234",-0.999994865254505,-1.99999998749617
"HMDB0000235",5.58302135550242e-06,-0.999988877394712
"HMDB0000237",0.0056510149952986,-0.999999910574367
"HMDB0000239",-0.990204926372154,-0.999999996454537
"HMDB0000240",-0.999602879179039,0.00257087037663093
"HMDB0000241",2.14850951009648e-08,2.32417383733616e-08
"HMDB0000243",0.0389303290026062,0.0114540394624939
"HMDB0000244",0.000767433191535392,-0.999966698047534
"HMDB0000246",3.02721541623325e-06,-0.9999999586533
"HMDB0000247",-0.984329995342174,0.140711146895551
"HMDB0000248",-0.99999998168091,-0.999999992523894
"HMDB0000250",-0.998645549636317,0.0177766359781434
"HMDB0000251",0.000110739713462481,0.00017405716625069
"HMDB0000252",0.00380158007238309,0.00437215872419714
"HMDB0000253",1.21740752005567e-07,6.59792031101985e-09
"HMDB0000254",-0.999999912282047,2.81729078228592e-09
"HMDB0000256",5.329892984523e-08,4.08613727236076e-08
"HMDB0000257",-0.999999993751271,-0.999999999138752
"HMDB0000258",-0.999999998298988,2.72961093710637e-09
"HMDB0000259",-0.999999975072417,-0.999999961282912
"HMDB0000262",8.66110659300862e-10,-0.999999998217247
"HMDB0000263",0.00298047842595413,-0.979658224174443
"HMDB0000265",-0.999999994774524,-0.999999993440098
"HMDB0000267",1.51415970328436e-05,1.92839759458117e-08
"HMDB0000269",-0.999713387392445,0.00227976732019001
"HMDB0000271",-0.999999973973678,-0.999999987176703
"HMDB0000272",-0.999990002777078,5.7363030826364e-06
"HMDB0000273",1.05353892712617e-05,3.14738317869753e-09
"HMDB0000277",0.000679502502952763,-0.995703250818346
"HMDB0000279",9.97713253258642e-08,1.242896575811e-08
"HMDB0000283",1.98804277149455e-05,-0.999999969205203
"HMDB0000285",0.000156231081871686,0.00109625774447215
"HMDB0000288",0.000952069903028575,-0.991586272614507
"HMDB0000289",-0.999947169981895,0.000291659576363723
"HMDB0000291",-0.999999072639445,7.7559108906242e-08
"HMDB0000292",-0.999973528994344,-0.999978836813479
"HMDB0000293",-0.999976959155513,-0.999999975649376
"HMDB0000294",0.000883954925376563,-0.999710768080328
"HMDB0000295",-0.999872655596395,1.39085416018145e-05
"HMDB0000296",-0.998414763378195,0.0084057355543041
"HMDB0000299",1.02940556456393e-06,-0.999982821813891
"HMDB0000300",-0.999999999692739,-0.999999998410187
"HMDB0000301",8.00244149577273e-08,5.76738177841798e-08
"HMDB0000302",-0.999939179919947,-0.999985572286571
"HMDB0000303",1.17551630975573e-10,-0.999999995879997
"HMDB0000305",-0.999999999669162,2.81096233090202e-09
"HMDB0000306",-0.99999999711171,-0.999999989545877
"HMDB0000321",0.00117000793237613,-0.991903168714184
"HMDB0000343",2.25398451148529e-06,2.725948047668e-08
"HMDB0000347",-0.999998978181724,-0.999988221279462
"HMDB0000362",-0.999687215705171,0.00221233062903445
"HMDB0000363",2.80862116242216e-08,3.82393960449523e-09
"HMDB0000364",-1.99999995636454,-3.99999995659857
"HMDB0000374",8.13703739233295e-08,4.82813554603475e-09
"HMDB0000379",0.00242161075624386,3.23019808179195e-06
"HMDB0000380",0.00242161075624386,3.23019808179195e-06
"HMDB0000415",-1.99999995636454,-3.99999995659857
"HMDB0000428",2.0343351763073e-05,8.79936958966626e-08
"HMDB0000448",-0.999972988515313,-0.999999994014505
"HMDB0000453",9.62902475256977e-06,0.000520693830768261
"HMDB0000462",-0.999996653182658,-0.999985553628145
"HMDB0000464",2.73925492349498e-09,-0.999999997978087
"HMDB0000467",-0.999999974176569,-0.999999995123442
"HMDB0000479",-0.998335674661169,0.0121416756103983
"HMDB0000482",-0.999999642429814,5.80224804302658e-07
"HMDB0000490",-0.99999996222479,2.66418463909638e-09
"HMDB0000492",-0.999999945931532,3.24183512802893e-08
"HMDB0000499",3.34081664275582e-05,7.31826686211153e-06
"HMDB0000500",9.04701073296589e-05,1.17693642290041e-05
"HMDB0000506",2.74112470374025e-09,-0.999999993157804
"HMDB0000508",-0.999979280354527,1.11726577101353e-08
"HMDB0000510",9.24624958277742e-08,-0.999999973610698
"HMDB0000511",-0.999996464866797,-0.999999977770849
"HMDB0000513",-0.999996464866797,-0.999999977770849
"HMDB0000517",-0.995679987925161,-0.989540863718947
"HMDB0000518",-0.999999980560766,-0.999999982319606
"HMDB0000521",3.34081664275582e-05,7.31826686211153e-06
"HMDB0000525",9.62902475256977e-06,0.000520693830768261
"HMDB0000532",0.0435427192947556,-0.987723637002353
"HMDB0000535",5.24676864844907e-05,-0.999798035615377
"HMDB0000538",0.00577674796786853,-0.960412622788625
"HMDB0000554",4.17172806677263e-08,2.80514090003994e-09
"HMDB0000557",-0.998809806895303,-0.998007687356017
"HMDB0000561",-0.999999996590869,1.02626803570776e-08
"HMDB0000562",2.83442940517114e-08,-0.999999991679255
"HMDB0000568",0.0366841800791539,-0.746620397551472
"HMDB0000570",3.41577126519508e-07,7.28873035353001e-08
"HMDB0000573",-0.999999185854749,7.32458849519878e-06
"HMDB0000574",0.010439546103161,-0.99811657624518
"HMDB0000577",8.62577482579227e-09,1.87056876411657e-09
"HMDB0000586",6.31273595046815e-09,-0.999999991964901
"HMDB0000588",9.38013343041713e-09,-0.999999988405203
"HMDB0000595",-0.997683599601703,0.0347819812515391
"HMDB0000608",-0.999997322159451,-0.99999976832808
"HMDB0000619",4.32254298744852e-08,-0.999999989686616
"HMDB0000620",2.51088813051915e-05,-0.999999987948953
"HMDB0000621",-0.99999999859312,-0.999999994098762
"HMDB0000622",1.80300115745139e-05,-0.999999990819669
"HMDB0000623",-0.999972575429551,-0.999999992715741
"HMDB0000625",0.0713476872929988,-0.99999956216799
"HMDB0000630",-0.999999997775866,-0.999999994065569
"HMDB0000631",-0.989848687645274,0.0646151071202493
"HMDB0000637",1.51777902146216e-08,1.18817236738423e-08
"HMDB0000638",9.35936772831297e-06,7.01360098378976e-07
"HMDB0000641",-0.999130982968266,-0.997954613550473
"HMDB0000643",5.81123921987286e-06,6.38522909335234e-08
"HMDB0000646",-0.999999841301591,1.97101582310174e-07
"HMDB0000660",-0.999999990535701,-0.999999996239825
"HMDB0000661",7.61497344829529e-13,-0.999999999996988
"HMDB0000666",-0.999999926985229,-0.999999958964227
"HMDB0000669",3.13513718989057e-09,-0.999999983575466
"HMDB0000673",0.0444867307203494,0.013586000336588
"HMDB0000676",-0.982017911883347,0.11528775266882
"HMDB0000678",-0.999999999998539,-0.999999999237795
"HMDB0000679",-0.999999815870249,-0.999999950329395
"HMDB0000682",6.23552906026646e-10,-0.999999994202577
"HMDB0000684",7.62018469187671e-08,-1.99999995565706
"HMDB0000687",-0.934316406209852,-0.99383361692914
"HMDB0000691",-0.999999999884681,-0.999999998424959
"HMDB0000692",-0.484948393548207,-0.647907194155212
"HMDB0000695",2.1747619276483e-06,3.55022528031685e-09
"HMDB0000696",-0.98566824144251,-0.944896322467797
"HMDB0000698",4.66992985500378e-08,1.83643346049377e-08
"HMDB0000699",7.98967435113563e-08,4.33661238165958e-08
"HMDB0000700",7.05753820866535e-09,5.66850933504006e-08
"HMDB0000707",0.000856089403729274,0.0111997763992483
"HMDB0000708",1.05224696415507e-07,2.62451185365336e-08
"HMDB0000710",4.90957396527159e-07,3.88011595886628e-07
"HMDB0000714",1.25008589169255e-05,-0.99999891194746
"HMDB0000716",0.000114045733510166,0.000201893172581846
"HMDB0000717",-0.999999982087321,-0.999999983392137
"HMDB0000719",-0.999997283009171,-0.999993664083492
"HMDB0000721",0.0271528261113589,0.0440566089789264
"HMDB0000722",8.4756436380313e-08,2.67711431818378e-08
"HMDB0000725",0.00535998788965332,1.79434177265837e-05
"HMDB0000730",1.80239720216121e-09,-0.999999996787308
"HMDB0000733",-0.999999574024057,-0.999999807747666
"HMDB0000738",-0.999999997420148,4.07286829407406e-09
"HMDB0000742",0.0237522237014249,-0.836876103770757
"HMDB0000745",3.1377937257848e-06,8.16529499455598e-09
"HMDB0000752",6.70481454872941e-06,1.16295104283557e-06
"HMDB0000754",4.66601086987645e-06,3.79759397826865e-08
"HMDB0000755",0.00146303481269695,0.00502475885754021
"HMDB0000756",5.24676864844907e-05,-0.999798035615377
"HMDB0000757",-0.999945256095116,-0.999996561263594
"HMDB0000759",-0.999999999861448,-0.999999998112716
"HMDB0000760",-0.999999976312127,-0.999999983427917
"HMDB0000761",-0.999999982087321,-0.999999983392137
"HMDB0000766",-0.999999998964241,6.03565022017972e-09
"HMDB0000772",2.92258458742084e-05,7.3005921958639e-06
"HMDB0000774",4.52766961721747e-08,2.52773870671287e-09
"HMDB0000779",-0.997619376316219,0.021516045298839
"HMDB0000784",2.76178459111055e-06,-0.999997406092182
"HMDB0000795",4.05061447762426e-07,2.12639956128334e-08
"HMDB0000801",-1.99999972545695,-1.99999993999612
"HMDB0000803",1.92633620917082e-07,-0.999998741140778
"HMDB0000806",0.00977994578466357,0.00313512991163026
"HMDB0000807",2.38525694953819e-05,-0.999999976785066
"HMDB0000811",1.66823684965368e-08,2.45584831081008e-09
"HMDB0000819",-0.999999735232031,6.1711553642255e-07
"HMDB0000821",4.58795486727985e-08,3.22063190966136e-08
"HMDB0000826",2.83954665845789e-05,7.3144470411952e-06
"HMDB0000827",0.0119329540530045,0.00355036577805025
"HMDB0000847",-0.999996892683266,2.43671149662702e-06
"HMDB0000848",8.88155814577969e-05,-0.999999937335232
"HMDB0000865",-1.99999995636454,-3.99999995659857
"HMDB0000866",0.00104978058759276,1.55500522989276e-06
"HMDB0000870",9.09095438434649e-08,-0.999999983413177
"HMDB0000876",0.0219681405797434,0.000858384073380358
"HMDB0000881",5.4118246789077e-09,1.22721473976228e-08
"HMDB0000883",-0.999721114940482,-0.994101066140641
"HMDB0000892",-0.999999928330449,-0.999999958854048
"HMDB0000893",-0.999972923090309,-0.999999970293039
"HMDB0000895",9.22515455844134e-08,1.79001508491091e-09
"HMDB0000896",2.49014918787192e-07,2.1018589354846e-07
"HMDB0000898",-0.999999985151919,2.0239126693867e-08
"HMDB0000899",2.02008666049626e-07,6.89993214182049e-09
"HMDB0000900",-0.999999993614873,1.41228915697313e-09
"HMDB0000902",-0.993808785721879,0.0394337798868927
"HMDB0000904",8.01223562002745e-06,0.000422475860652615
"HMDB0000908",8.62577482579227e-09,1.87056876411657e-09
"HMDB0000910",2.84252258845707e-05,7.21458177843532e-06
"HMDB0000916",3.41577126519508e-07,7.28873035353001e-08
"HMDB0000929",2.19302954442305e-05,-0.998443875664611
"HMDB0000932",3.91756141436231e-08,1.3563308975042e-08
"HMDB0000933",-0.999972575429551,-0.999999992715741
"HMDB0000936",2.549629033172e-06,3.77378663316741e-08
"HMDB0000939",-0.997937725649539,0.0131756496200489
"HMDB0000943",7.80692035153495e-06,-0.999998610601525
"HMDB0000944",2.43942144269255e-05,7.22862165988404e-06
"HMDB0000946",-0.999999940341367,-0.999999958174783
"HMDB0000947",-0.999999924595407,-0.9999999589455
"HMDB0000949",2.81852890107272e-09,3.82544357409335e-08
"HMDB0000951",2.81852890107272e-09,3.82544357409335e-08
"HMDB0000962",-0.999999991112896,-0.999999987059407
"HMDB0000972",3.08160673219748e-06,-0.999999997190398
"HMDB0000975",-0.999999994608443,2.0271475415946e-08
"HMDB0000990",0.0258744158523762,0.093058856291671
"HMDB0001008",-0.999997499413746,4.07590002992556e-07
"HMDB0001039",2.12505086192105e-07,1.37466498532154e-08
"HMDB0001043",0.00113675968476358,0.000197521524214231
"HMDB0001044",-0.999576055588358,4.05678774822424e-08
"HMDB0001050",6.23046590044296e-09,-0.999999995416264
"HMDB0001051",0.0352492194201654,-0.971928736890233
"HMDB0001056",3.08160673219535e-06,-0.999999997190398
"HMDB0001072",0.0115101488101054,-0.920529220313746
"HMDB0001080",-0.99999661858808,-0.999999957762051
"HMDB0001085",-0.999999941026419,2.14558813915176e-09
"HMDB0001123",2.18628130836147e-08,-0.999999991934713
"HMDB0001129",-0.999999947955041,-0.999999979726866
"HMDB0001138",1.00927131031387e-08,5.18015062068902e-09
"HMDB0001139",6.89708773596085e-08,-0.999999998138371
"HMDB0001149",6.2053343414592e-05,7.89847472859257e-06
"HMDB0001160",2.87435321526081e-05,7.38181371280046e-06
"HMDB0001167",2.23565040781401e-05,-0.999913475241237
"HMDB0001175",-0.999999762979275,-0.999999963244863
"HMDB0001178",1.45305661278852e-08,5.09915443661373e-09
"HMDB0001185",0.00158761396483162,-0.98893931400939
"HMDB0001198",4.44468620553628e-08,1.33531399017662e-07
"HMDB0001201",-0.999997763217203,-0.999999368668823
"HMDB0001218",1.0793450179756e-11,5.98815936924831e-09
"HMDB0001220",-0.999993213591411,-0.999999997166048
"HMDB0001227",1.67674939453134e-05,-0.999999994552423
"HMDB0001232",4.23128378127909e-06,9.17635787903319e-09
"HMDB0001248",-0.99933031454397,-0.997449241316723
"HMDB0001251",-0.999999888214898,-0.99999997663973
"HMDB0001256",5.45246257639566e-06,4.65947709507069e-06
"HMDB0001257",-0.999999988780822,1.75943356478558e-09
"HMDB0001259",-0.999998139637302,9.67201737716755e-06
"HMDB0001261",3.41577126519508e-07,7.28873035353001e-08
"HMDB0001262",5.94748908352368e-11,-0.999999999938308
"HMDB0001264",-0.999431913791406,0.00361139682746636
"HMDB0001273",-0.999988159472974,6.11408589284488e-07
"HMDB0001274",-1,0
"HMDB0001296",2.88744897096189e-09,5.87451753503369e-09
"HMDB0001304",-0.988016551710252,0.076327464694439
"HMDB0001310",-0.986910858615924,-0.959391130766049
"HMDB0001311",-0.957080595738422,-0.986305045781865
"HMDB0001314",2.24667890652891e-05,2.11555835812309e-08
"HMDB0001325",6.43769800758887e-05,0.000284626695619146
"HMDB0001335",2.65171631946128e-07,2.55051700702289e-06
"HMDB0001337",-0.999999967104926,4.86712577515024e-08
"HMDB0001341",-0.9983747062888,0.00100969158432556
"HMDB0001358",0.0295950451928317,-0.795573326312223
"HMDB0001361",-0.999997322159451,-0.99999976832808
"HMDB0001373",-0.993916227016085,0.0349044010134185
"HMDB0001377",-0.714517786223032,-0.842518671960208
"HMDB0001381",5.16619981756585e-08,-0.999999987651688
"HMDB0001388",0.00267811579188453,0.000832795020992109
"HMDB0001389",-0.999990256670784,-0.999981400861856
"HMDB0001397",4.49456796951015e-06,4.65784264609449e-06
"HMDB0001403",1.00220552014029e-07,-0.999999963161069
"HMDB0001406",-0.99998723195729,-0.999999939593722
"HMDB0001414",4.83879304704984e-06,-0.999999994380902
"HMDB0001416",0.00578197072117685,-0.962150036398574
"HMDB0001419",-0.999999952494156,8.27383656312469e-09
"HMDB0001423",-0.999720067154796,-0.999848091819638
"HMDB0001425",-0.999987064674682,-1.99999992492237
"HMDB0001426",-0.999985360840164,4.86777509118647e-05
"HMDB0001431",8.13082198756598e-07,-0.999999961450987
"HMDB0001432",9.33254872216833e-08,3.43668986719331e-09
"HMDB0001434",4.32632540073543e-05,0.000680567386646766
"HMDB0001438",-0.999999993862793,1.53878307381254e-09
"HMDB0001440",0.000407175831202422,-0.99999995776143
"HMDB0001442",-1.99999982020652,-1.99999998563573
"HMDB0001448",-0.999989804606901,-0.999999364640032
"HMDB0001449",2.40919035147585e-08,3.65272953536828e-09
"HMDB0001451",-0.999999945521118,-0.999999992427133
"HMDB0001452",-0.999986810229835,1.70430376280706e-06
"HMDB0001453",3.86461475151393e-08,3.34028892376431e-08
"HMDB0001455",2.40919035147585e-08,3.65272953536828e-09
"HMDB0001473",-0.99747245931858,0.0162394997263626
"HMDB0001476",1.77213169920596e-08,5.02117284672351e-08
"HMDB0001483",1.90513795080632e-08,-0.999999999868806
"HMDB0001488",-0.999999993926573,-0.999999989011529
"HMDB0001492",-0.999998708665306,-0.999999952360881
"HMDB0001509",-0.999999250006644,-0.999999840959854
"HMDB0001514",-0.999995595877405,-0.999999740433967
"HMDB0001517",-0.999972102889178,-0.999986995839283
"HMDB0001520",-0.999115386214843,-0.997482891191411
"HMDB0001545",0.00937181076576426,0.00016444947908093
"HMDB0001546",3.42832019986619e-05,-0.999999993951176
"HMDB0001547",-0.999999987014699,-0.999999992364804
"HMDB0001565",-0.999996410537039,9.1828101467623e-05
"HMDB0001586",6.05309034697087e-05,0.000324638486306124
"HMDB0001644",-0.999997731080293,-0.999999989926548
"HMDB0001659",2.50585835958459e-05,0.000446042190646443
"HMDB0001721",-0.999990002777078,5.7363030826364e-06
"HMDB0001830",-0.999999925408942,1.54329858092719e-08
"HMDB0001842",5.03450639057985e-10,-0.999999999705879
"HMDB0001851",0.0366843409164903,-0.74661999215607
"HMDB0001852",-0.988546688467286,0.0729953928898876
"HMDB0001855",1.69575429519685e-09,-0.999999985849484
"HMDB0001858",1.6028838700924e-09,1.49231093401362e-08
"HMDB0001870",-0.999986265497719,-0.999989192203866
"HMDB0001874",0.0200606175771641,-0.976720220751758
"HMDB0001875",-0.999998359249862,-0.999989019113708
"HMDB0001877",8.43574346814915e-05,-0.999985703915826
"HMDB0001882",-0.999613558956656,-1.99962082991885
"HMDB0001893",1.22999181121367e-08,-0.999999999570483
"HMDB0001896",-0.99999999380934,1.66347735191685e-08
"HMDB0001903",4.5386160757133e-09,-0.999999991871906
"HMDB0001913",1.0793450179756e-11,5.98815936924831e-09
"HMDB0001921",5.03450639057985e-10,-0.999999999705879
"HMDB0001967",0.0839081739346142,-0.761103098241104
"HMDB0001976",8.43574346814915e-05,-0.999985703915826
"HMDB0001999",0.00022523541153132,3.2262279820416e-05
"HMDB0002003",2.86314662515679e-05,7.28121102064005e-06
"HMDB0002024",7.96184399288316e-09,-0.999999981231908
"HMDB0002027",-0.999999999660916,2.18428464409227e-09
"HMDB0002031",5.55375496049514e-09,-0.999999977825352
"HMDB0002035",-0.999999990156342,4.23757003164259e-09
"HMDB0002059",-0.999999982689519,-0.999999991912328
"HMDB0002078",1.65507078906792e-08,1.59890026658214e-08
"HMDB0002092",-0.99998083801203,-0.999994052123782
"HMDB0002103",3.0335847017988e-07,1.7996063186907e-06
"HMDB0002111",-0.424796945090493,-0.57680749662825
"HMDB0002134",-0.999999987853545,-0.999999963185266
"HMDB0002152",0.0295950451928317,-0.795573326312223
"HMDB0002158",-0.999988189226831,6.38955210703202e-08
"HMDB0002179",0.00589243061197432,-0.959353783445991
"HMDB0002183",0.000385339764337001,-0.999621007454467
"HMDB0002190",1.11434876112064e-08,-0.999999941546453
"HMDB0002200",1.18540642463234e-07,-0.999999987954087
"HMDB0002211",5.76223003622826e-06,-0.999999999954989
"HMDB0002212",2.41773823995397e-05,7.20173581575693e-06
"HMDB0002226",0.000107927425008772,0.000254630136511527
"HMDB0002231",2.47592391143596e-05,7.28774907281141e-06
"HMDB0002232",1.11434876112064e-08,-0.999999941546453
"HMDB0002243",-0.999999075610169,1.10691710583072e-06
"HMDB0002259",2.86310374959074e-05,7.07516774662696e-06
"HMDB0002275",6.8652567395056e-08,4.88425754291043e-09
"HMDB0002283",-0.999999894434402,-0.999999908985869
"HMDB0002329",4.78998368829188e-06,-0.999998586717328
"HMDB0002345",2.98772991118208e-05,7.30181410540721e-06
"HMDB0002356",2.93764981486906e-05,7.29955680361328e-06
"HMDB0002368",2.99988233836053e-05,7.29227251245369e-06
"HMDB0002369",-0.988546688467286,0.0729953928898876
"HMDB0002504",2.08188256331613e-08,-0.999999997387618
"HMDB0002639",3.4193958889131e-08,-0.999999997783081
"HMDB0002642",3.71104027187367e-09,-0.999999993548925
"HMDB0002656",7.4323296522606e-08,3.53547131572808e-09
"HMDB0002664",0.000718916347793645,-1.99999990508794
"HMDB0002666",-0.999994180981136,1.06576446791194e-05
"HMDB0002685",1.06228621209013e-07,2.97559270675355e-08
"HMDB0002704",3.05485529118272e-09,-0.999999995923271
"HMDB0002710",-0.999820352771112,0.00114397823061461
"HMDB0002719",-0.999999957246746,3.21947872762295e-06
"HMDB0002752",0.00139727763064954,1.59012725257259e-08
"HMDB0002757",-0.999996803480697,-0.99999537288678
"HMDB0002759",-0.999999997543645,7.26259060114467e-10
"HMDB0002786",-0.993864920996364,0.0390385106062947
"HMDB0002802",7.92665430398756e-07,-0.999192927741929
"HMDB0002818",5.39217128873082e-05,-0.99971076655425
"HMDB0002820",7.49400279700843e-09,1.29887802511431e-09
"HMDB0002823",2.87044757148398e-05,7.3083453025263e-06
"HMDB0002833",-0.999994865254505,-1.99999998749617
"HMDB0002845",-0.999988336200522,-0.999995917288275
"HMDB0002886",-0.973554173701487,0.168464932734489
"HMDB0002917",-0.999999981801894,-0.99999999812737
"HMDB0002923",-0.999999996215176,4.01864373441511e-09
"HMDB0002925",0.000589753252521597,7.42942771655641e-05
"HMDB0002982",7.43102260634455e-08,3.37969675200788e-09
"HMDB0002991",6.41965060951182e-05,0.000661161564496081
"HMDB0003073",0.0027009178570949,-0.999158585246658
"HMDB0003080",-0.999999597602231,-0.999999823834775
"HMDB0003125",0.0315677783760108,-0.811147733881747
"HMDB0003134",1.82729601570003e-08,-0.999999990435451
"HMDB0003141",-1.97741842111572,0.143915345678383
"HMDB0003178",4.57532510863823e-08,4.9730215770253e-08
"HMDB0003192",-0.999972102889178,-0.999986995839283
"HMDB0003193",3.31064537143984e-08,1.95384168007497e-09
"HMDB0003208",-0.999986810229835,1.70430376280706e-06
"HMDB0003224",1.56796499700556e-07,-0.999999941567414
"HMDB0003235",1.12289962027885e-07,-0.999999982593057
"HMDB0003252",1.27085658290282e-05,-0.999998252202767
"HMDB0003269",-0.999999993926573,-0.999999989011529
"HMDB0003276",4.16035486401194e-08,5.5193850159062e-08
"HMDB0003335",-0.999959593916408,1.4531527128218e-08
"HMDB0003337",-0.999995531339493,-0.999989783792496
"HMDB0003339",0.00432063635889162,8.93077494644904e-08
"HMDB0003345",-0.995926644413928,-0.853319245996073
"HMDB0003357",-0.999999967154697,1.10360222431157e-08
"HMDB0003374",0.00270198530986871,-0.999999853407994
"HMDB0003375",3.25071569930121e-12,1.19855320995419e-08
"HMDB0003378",1.53902861239798e-07,-0.999999993554346
"HMDB0003379",-0.999988159472974,6.11408589284488e-07
"HMDB0003391",-0.999687215705171,0.00221233062903445
"HMDB0003402",1.63447280191464e-06,1.02469339297873e-05
"HMDB0003406",1.67598672140441e-10,1.961419297869e-09
"HMDB0003411",-0.937898036761802,-0.903421068217259
"HMDB0003416",-0.999999994463212,-0.999999986854763
"HMDB0003417",0.010439546103161,-0.99811657624518
"HMDB0003418",-0.999998746950189,-0.999999969908321
"HMDB0003423",-0.999130982968266,-0.997954613550473
"HMDB0003426",0.00013658825149415,0.00029233491110326
"HMDB0003459",5.82689309953944e-09,2.85645956907004e-09
"HMDB0003474",-0.999999992538063,-0.999999987401096
"HMDB0003537",-0.999992259239346,1.32701917415855e-08
"HMDB0003540",0.00276257626661005,-0.971008679698874
"HMDB0003550",-0.999999957720539,1.24049455273869e-08
"HMDB0003555",-0.999999974456087,-0.999999995248682
"HMDB0003556",1.47581853187372e-06,8.67967965122919e-07
"HMDB0003634",-0.999999999998308,-0.999999993760436
"HMDB0003648",-0.999999996417713,-0.999999991084931
"HMDB0003667",-1.99999999997752,-1.99999998753046
"HMDB0003892",-0.99999998302207,1.36318719635445e-08
"HMDB0003966",-0.999999575878849,-0.999999954543778
"HMDB0004080",3.92742362664718e-09,2.35393527460282e-09
"HMDB0004081",-0.999996240636071,-0.999985449893951
"HMDB0004238",-0.999820352771112,0.00114397823061461
"HMDB0004240",0.0253994322361599,-0.824594551460614
"HMDB0004242",2.28853960788859e-08,-0.999999997318043
"HMDB0004258",-0.999999762979275,-0.999999963244863
"HMDB0004264",-0.999999894434402,-0.999999908985869
"HMDB0004321",3.25071569930121e-12,1.19855320995419e-08
"HMDB0004362",2.22745744034027e-08,-0.999999998549582
"HMDB0004385",2.48792072394655e-09,-0.99999999750696
"HMDB0004461",-0.999986265497719,-0.999989192203866
"HMDB0004666",2.05549528199908e-08,-0.999999963403279
"HMDB0004673",-0.999999888127181,-0.999999904512087
"HMDB0004688",3.06032918861362e-07,-1.99999928442224
"HMDB0004842",4.67221745804921e-06,-0.999995102232597
"HMDB0004843",4.67221745804921e-06,-0.999995102232597
"HMDB0004844",4.67221745804921e-06,-0.999995102232597
"HMDB0004845",4.67221745804921e-06,-0.999995102232597
"HMDB0004846",4.67221745804921e-06,-0.999995102232597
"HMDB0004847",4.67221745804921e-06,-0.999995102232597
"HMDB0004848",4.67221745804921e-06,-0.999995102232597
"HMDB0004849",4.67221745804921e-06,-0.999995102232597
"HMDB0004850",4.67221745804921e-06,-0.999995102232597
"HMDB0004851",4.67221745804921e-06,-0.999995102232597
"HMDB0004852",4.67221745804921e-06,-0.999995102232597
"HMDB0004853",5.18983455581032e-09,1.82243430417432e-09
"HMDB0004854",5.18983455581032e-09,1.82243430417432e-09
"HMDB0004855",5.18983455581032e-09,1.82243430417432e-09
"HMDB0004856",5.18983455581032e-09,1.82243430417432e-09
"HMDB0004857",5.18983455581032e-09,1.82243430417432e-09
"HMDB0004858",5.18983455581032e-09,1.82243430417432e-09
"HMDB0004859",5.18983455581032e-09,1.82243430417432e-09
"HMDB0004860",5.18983455581032e-09,1.82243430417432e-09
"HMDB0004861",5.18983455581032e-09,1.82243430417432e-09
"HMDB0004863",5.18983455581032e-09,1.82243430417432e-09
"HMDB0004865",5.18983455581032e-09,1.82243430417432e-09
"HMDB0004911",-0.999993509975026,4.65867611712316e-06
"HMDB0004912",-0.999993509975026,4.65867611712316e-06
"HMDB0004913",-0.999993509975026,4.65867611712316e-06
"HMDB0004914",-0.999993509975026,4.65867611712316e-06
"HMDB0004915",-0.999993509975026,4.65867611712316e-06
"HMDB0004916",-0.999993509975026,4.65867611712316e-06
"HMDB0004917",-0.999993509975026,4.65867611712316e-06
"HMDB0004918",-0.999993509975026,4.65867611712316e-06
"HMDB0004919",-0.999993509975026,4.65867611712316e-06
"HMDB0004920",-0.999993509975026,4.65867611712316e-06
"HMDB0004921",-0.999993509975026,4.65867611712316e-06
"HMDB0004937",2.5991461445146e-06,-0.999998622975309
"HMDB0004938",2.5991461445146e-06,-0.999998622975309
"HMDB0004939",2.5991461445146e-06,-0.999998622975309
"HMDB0004941",2.5991461445146e-06,-0.999998622975309
"HMDB0004942",2.5991461445146e-06,-0.999998622975309
"HMDB0004943",2.5991461445146e-06,-0.999998622975309
"HMDB0004944",2.5991461445146e-06,-0.999998622975309
"HMDB0004945",2.5991461445146e-06,-0.999998622975309
"HMDB0004946",2.5991461445146e-06,-0.999998622975309
"HMDB0004958",3.76942427400976e-06,4.64521166807372e-07
"HMDB0004960",3.76942427400976e-06,4.64521166807372e-07
"HMDB0004961",3.76942427400976e-06,4.64521166807372e-07
"HMDB0004962",3.76942427400976e-06,4.64521166807372e-07
"HMDB0004963",3.76942427400976e-06,4.64521166807372e-07
"HMDB0004964",3.76942427400976e-06,4.64521166807372e-07
"HMDB0004965",3.76942427400976e-06,4.64521166807372e-07
"HMDB0004966",3.76942427400976e-06,4.64521166807372e-07
"HMDB0004967",3.76942427400976e-06,4.64521166807372e-07
"HMDB0004968",3.76942427400976e-06,4.64521166807372e-07
"HMDB0005022",-0.999985514028221,-0.999996880044982
"HMDB0005060",-0.999999212777149,-0.999988263577592
"HMDB0005073",1.11809102501064e-06,8.48039944735192e-08
"HMDB0005082",-1.99999995853424,-1.99999995621689
"HMDB0005087",-1.99999765028082,1.56492826709005e-08
"HMDB0005095",4.44468620553628e-08,1.33531399017662e-07
"HMDB0005176",5.12083563219384e-08,3.32339633822467e-08
"HMDB0005199",-0.999999993515371,-0.999999993467636
"HMDB0005784",8.74522125682036e-07,-0.999999968068745
"HMDB0005896",1.05052956252556e-06,-0.999999997991476
"HMDB0005962",2.39545953501954e-07,7.89901998841532e-08
"HMDB0006044",3.4918248802235e-06,-0.999963959627453
"HMDB0006059",4.39325254413199e-06,-0.999998806726167
"HMDB0006115",-0.999986265497719,-0.999989192203866
"HMDB0006216",-0.999999999669162,2.81096233090202e-09
"HMDB0006219",-1.97741842111572,0.143915345678383
"HMDB0006220",0.0295950451928317,-0.795573326312223
"HMDB0006221",-0.999999999669162,2.81096233090202e-09
"HMDB0006224",1.41684102868927e-08,-0.999999998337709
"HMDB0006240",2.39054686403449e-09,-0.99999999165275
"HMDB0006254",2.24345027008515e-09,-0.999999993633381
"HMDB0006270",0.0444867307203494,0.013586000336588
"HMDB0006294",0.00131524801451705,-0.996388981392967
"HMDB0006327",-0.999998126173099,-0.99999997280013
"HMDB0006344",9.16527333576671e-06,5.3149726437561e-06
"HMDB0006472",1.250452332651e-08,1.76097421323586e-09
"HMDB0006482",4.40502630086653e-05,2.57654641975029e-05
"HMDB0006483",-0.999999991896241,-0.999999985815471
"HMDB0006525",1.0793450179756e-11,5.98815936924831e-09
"HMDB0006528",8.43574346814915e-05,-0.999985703915826
"HMDB0006543",9.44849205099043e-12,1.98858047887605e-09
"HMDB0006547",2.33623041547467e-05,-0.999994766445826
"HMDB0006552",1.8480646422822e-08,2.21642254263574e-08
"HMDB0006557",-1.99994094667417,5.78241719955769e-06
"HMDB0006740",2.41773823995397e-05,7.20173581575693e-06
"HMDB0006790",4.02446146022848e-06,4.78821064667307e-10
"HMDB0010199",6.89708773596085e-08,-0.999999998138371
"HMDB0010216",2.08241647425344e-08,1.77181368929408e-09
"HMDB0010316",1.18042924234525e-08,2.28119704898035e-09
"HMDB0010384",3.30529766127654e-11,1.06072992553666e-09
"HMDB0010708",5.84144193655247e-05,1.38570436273825e-05
"HMDB0010709",5.84144193655247e-05,1.38570436273825e-05
"HMDB0010710",5.84144193655247e-05,1.38570436273825e-05
"HMDB0010711",5.84144193655247e-05,1.38570436273825e-05
"HMDB0010712",5.84144193655247e-05,1.38570436273825e-05
"HMDB0010713",5.84144193655247e-05,1.38570436273825e-05
"HMDB0010714",5.84144193655247e-05,1.38570436273825e-05
"HMDB0011134",-0.999999931372017,2.49904029368397e-06
"HMDB0011135",-0.999996166400921,-0.999997465795861
"HMDB0011175",8.01378272216159e-09,1.01084393298096e-08
"HMDB0011179",1.33275655161268e-09,-0.999999994461135
"HMDB0011617",0.00276257626661005,-0.971008679698874
"HMDB0011631",4.31400834279553e-08,-0.999999972041179
"HMDB0011632",2.21935762925625e-09,-0.999999998789855
"HMDB0011680",5.81123921987286e-06,6.38522909335234e-08
"HMDB0011691",-0.999995531339493,-0.999989783792496
"HMDB0011733",-0.999999995090638,-0.99999999566234
"HMDB0011745",1.62894858345438e-09,-0.999999983882417
"HMDB0012225",0.00112339357833328,0.00261822519543935
"HMDB0012238",-0.999999988275786,1.86638294234839e-08
"HMDB0012253",1.65356745829126e-12,-0.999999999998633
"HMDB0012254",1.07296043257694e-11,-0.999999999996169
"HMDB0012299",-0.988016551710252,0.076327464694439
"HMDB0012305",-0.999939179919947,-0.999985572286571
"HMDB0012320",5.84144193655247e-05,1.38570436273825e-05
"HMDB0012321",5.84144193655247e-05,1.38570436273825e-05
"HMDB0012455",3.95247874506243e-08,-0.999999998087383
"HMDB0012587",2.48792072394655e-09,-0.99999999750696
"HMDB0012894",-0.999999992829397,-0.999999982180653
"HMDB0012947",2.14850951009648e-08,2.32417383733616e-08
"HMDB0012958",-0.999999008625115,-0.999999960392078
"HMDB0012974",-0.999999994736985,-0.999999991690376
"HMDB0012988",-0.999999988744155,-0.99999999292826
"HMDB0013000",9.32896507267555e-10,-0.999999997252664
"HMDB0013022",-0.999999997086943,3.14202051800746e-09
"HMDB0013111",-0.988016551710252,0.076327464694439
"HMDB0013336",2.11649466365249e-08,-0.999999996329126
"HMDB0013609",2.19302954442305e-05,-0.998443875664611
"HMDB0013676",-0.999986265497719,-0.999989192203866
"HMDB0013677",-0.999986265497719,-0.999989192203866
"HMDB0014312",-0.999999945521118,-0.999999992427133
"HMDB0014559",0.00276257626661005,-0.971008679698874
"HMDB0014581",-0.999999999900167,3.6289083537308e-09
"HMDB0014618",3.42832019986619e-05,-0.999999993951176
"HMDB0014644",3.83554261594883e-10,-0.999999998456436
"HMDB0014816",-0.99999989623814,3.06511936345467e-08
"HMDB0014821",-0.999986433413187,6.34419716206782e-06
"HMDB0014839",0.00276257626661005,-0.971008679698874
"HMDB0015002",-0.999966270681405,0.000133883169191922
"HMDB0015043",-0.999999970947474,-0.999999980856432
"HMDB0015044",-0.999999999212095,4.24961505894277e-10
"HMDB0015227",-0.99998096608371,-0.999999714749895
"HMDB0015230",-0.999999802293435,5.98938740658693e-08
"HMDB0015247",-0.999997568237503,2.3351266245242e-06
"HMDB0015252",-0.999993239010185,3.67035320008333e-05
"HMDB0015256",1.0793450179756e-11,5.98815936924831e-09
"HMDB0015360",1.0793450179756e-11,5.98815936924831e-09
"HMDB0015459",7.92665430398756e-07,-0.999192927741929
"HMDB0015503",-0.999999997511743,8.01719235970992e-09
"HMDB0015532",1.81852448339192e-09,-0.999999998580326
"HMDB0015536",0.000323125302417495,-0.997437442919575
"HMDB0028680",5.82689309953944e-09,2.85645956907004e-09
"HMDB0028752",4.77397792647175e-07,5.30892968070076e-08
"HMDB0028818",-0.999999989074046,3.24782348726281e-08
"HMDB0028823",-0.999999996231875,1.81371860859675e-08
"HMDB0028848",-0.999999992919004,-0.999999984793018
"HMDB0028929",-1.99999999977296,-0.999999997258551
"HMDB0028933",0.0316162807077214,4.51780305057790e-09
"HMDB0028940",6.28712342763723e-09,2.77635997218312e-09
"HMDB0028942",1.30086548026942e-08,1.29682352892222e-08
"HMDB0028959",-0.999998243394138,-0.999999999544452
"HMDB0029014",9.56199945175404e-09,1.86061306349974e-08
"HMDB0029019",1.32056485827238e-08,-0.999999996774714
"HMDB0029140",2.27844241619476e-08,2.21403281920553e-08
"HMDB0029423",2.55201141715392e-06,6.06709249720775e-06
"HMDB0029593",3.26180413202264e-08,1.19956461669381e-08
"HMDB0029751",7.89280995239565e-10,1.20730186269697e-08
"HMDB0029865",-0.999999999988762,-0.999999993765232
"HMDB0030091",-0.999995595877405,-0.999999740433967
"HMDB0032473",3.25071569930121e-12,1.19855320995419e-08
"HMDB0032562",8.43574346814915e-05,-0.999985703915826
"HMDB0033022",2.47592391143596e-05,7.28774907281141e-06
"HMDB0033685",1.22999181121367e-08,-0.999999999570483
"HMDB0033704",-0.999982195675399,-0.999996583673324
"HMDB0033923",-0.998809806895303,-0.998007687356017
"HMDB0033934",0.959492663081813,0.232062690166375
"HMDB0033951",-0.98566824144251,-0.944896322467797
"HMDB0034227",1.22999181121367e-08,-0.999999999570483
"HMDB0035924",-0.999999997420148,4.07286829407406e-09
"HMDB0036087",-0.999999999998308,-0.999999993760436
"HMDB0037138",1.54392040888053e-09,-0.99999998917967
"HMDB0037177",1.46161716651013e-05,1.58257537348445e-07
"HMDB0038660",8.43574346814915e-05,-0.999985703915826
"HMDB0038852",5.94748908352368e-11,-0.999999999938308
"HMDB0039463",1.22999181121367e-08,-0.999999999570483
"HMDB0041627",-0.993805631971108,0.0394375400228394
"HMDB0041827",0,-0.757669849822535
"HMDB0041861",1.65507078906792e-08,1.59890026658214e-08
"HMDB0041950",4.23128378127909e-06,9.17635787903319e-09
"HMDB0041991",-0.999999946355351,1.86873191819346e-08
"HMDB0042012",-0.999999993515371,-0.999999993467636
"HMDB0059597",1,0.597106958273766
"HMDB0059625",2.69051933300501e-06,-0.999991000653948
"HMDB0059661",-0.988016551710252,0.076327464694439
"HMDB0060104",3.71582645129951e-08,1.71534818881338e-09
"HMDB0060159",-0.99999999664181,6.56895604830559e-09
"HMDB0060164",-0.999999994821392,-0.999999979575762
"HMDB0060180",2.38525694953819e-05,-0.999999976785066
"HMDB0060382",4.52766961721747e-08,2.52773870671287e-09
"HMDB0060390",9.36091822679693e-09,-0.999999989967054
"HMDB0060475",0.00432063635889162,8.93077494644904e-08
"HMDB0060661",2.23565040781401e-05,-0.999913475241237
"HMDB0060747",4.32632540073543e-05,0.000680567386646766
"HMDB0061685",-0.999999985151919,2.0239126693867e-08
"HMDB0061714",2.53212431974472e-05,7.30652365741173e-06
"HMDB0062179",-0.999972102889178,-0.999986995839283
"HMDB0062188",1.20257612248778e-07,6.69378479222852e-08
"HMDB0062251",0.0130742600738307,0.0406088143521482
"HMDB0062270",0.0523935694872447,0.00719267134330411
"HMDB0062424",-0.999972102889178,-0.999986995839283
"HMDB0062483",2.6657364424911e-07,4.43988798937797e-06
"HMDB0062486",5.59045512505318e-07,4.24019972367596e-08
"HMDB0062493",-0.999999787102429,5.16407191303506e-07
"HMDB0062520",-0.999999942879841,-0.999999987122276
"HMDB0062562",8.00244149577273e-08,5.76738177841798e-08
"HMDB0062619",1.53016459430681e-07,-0.99999964221112
"HMDB0062645",9.16527333576671e-06,5.3149726437561e-06
"HMDB0062684",2.08241647425344e-08,1.77181368929408e-09
"HMDB0062696",8.13082198756598e-07,-0.999999961450987
"HMDB0062702",1.47581853187372e-06,8.67967965122919e-07
"HMDB0062703",0.110344780806166,0.0348750517493618
"HMDB0062761",-0.99999997464759,-0.999999991014693
"HMDB0062801",3.4193958889131e-08,-0.999999997783081
"HMDB0240312",3.09928257997411e-05,5.70218253819772e-06
"HMDB0240584",-0.999999055557839,-0.99999870185768
"HMDB0240589",-0.999999967154697,1.10360222431157e-08
"HMDB0240607",3.11961332486286e-08,7.44480932723306e-09
"HMDB0240773",0.000465803684859986,-0.999999951517368
"HMDB0240774",9.08402376992802e-05,-0.999999911271886
"HMDB0242149",-0.999999981801894,-0.99999999812737
"HMDB0242179",3.11961332486286e-08,7.44480932723306e-09
"HMDB0242292",0.00139727763064954,1.59012725257259e-08
"HMDB0242325",-0.999999894434402,-0.999999908985869
"HMDB0242348",-0.999966270681405,0.000133883169191922
"HMDB0242363",4.5386160757133e-09,-0.999999991871906
"HMDB0242392",1.05224696415507e-07,2.62451185365336e-08
"HMDB0242411",2.81852890107272e-09,3.82544357409335e-08
"HMDB0242414",-0.989848687645274,0.0646151071202493
"HMDB0242506",0.0219681405797434,0.000858384073380358
"HMDB0242534",-0.995926644413928,-0.853319245996073
"HMDB0242576",-0.999998126173099,-0.99999997280013
"HMDB0242608",1.63447280191464e-06,1.02469339297873e-05
"HMDB0242614",-1.99999998722975,2.82457831394626e-09
"HMDB0242634",-0.999713387392445,0.00227976732019001
"HMDB0242742",-0.999999993862793,1.53878307381254e-09
"HMDB0243633",7.92665430398756e-07,-0.999192927741929
"HMDB0244343",-0.988546688467286,0.0729953928898876
"HMDB0244347",2.28853960788859e-08,-0.999999997318043
"HMDB0244369",-0.999999597602231,-0.999999823834775
"HMDB0244445",-0.999999888127181,-0.999999904512087
"HMDB0244465",6.8652567395056e-08,4.88425754291043e-09
"HMDB0244522",2.87044757148398e-05,7.3083453025263e-06
"HMDB0244553",0.0115101488101054,-0.920529220313746
"HMDB0245099",1.56796499700556e-07,-0.999999941567414
"HMDB0245269",2.22745744034027e-08,-0.999999998549582
"HMDB0245567",-0.999999250006644,-0.999999840959854
"HMDB0245990",2.80862116242216e-08,3.82393960449523e-09
"HMDB0246128",-0.988016551710252,0.076327464694439
"HMDB0246298",9.33254872216833e-08,3.43668986719331e-09
"HMDB0246318",1.66823684965368e-08,2.45584831081008e-09
"HMDB0246552",1.54392040888053e-09,-0.99999998917967
"HMDB0246682",-0.999999974176569,-0.999999995123442
"HMDB0246887",1.11434876112064e-08,-0.999999941546453
"HMDB0247113",2.28020652103646e-05,-0.99999138026765
"HMDB0247117",-0.999820352771112,0.00114397823061461
"HMDB0247192",-0.999993239010185,3.67035320008333e-05
"HMDB0247294",5.29128780484914e-06,-0.999999999484459
"HMDB0247474",0.000359458173896823,-0.999999952543971
"HMDB0247485",1.11434876112064e-08,-0.999999941546453
"HMDB0247706",0.0444867307203494,0.013586000336588
"HMDB0248410",2.02008666049626e-07,6.89993214182049e-09
"HMDB0248585",0.0016983011155301,0.00370208386370845
"HMDB0248647",0.000537898764450652,-0.996241325281392
"HMDB0250160",8.62577482579227e-09,1.87056876411657e-09
"HMDB0250194",0.0169311055722853,0.00830102123353556
"HMDB0250682",-0.999986806445134,2.88415270646211e-05
"HMDB0250712",-0.994373464149466,4.67760264850397e-08
"HMDB0250725",-0.999988339806843,-0.999999973078965
"HMDB0250782",0.000182541726255257,0.00130204935157549
"HMDB0250791",0.000956048863413367,-0.973268095555118
"HMDB0251511",-0.995679987925161,-0.989540863718947
"HMDB0251512",5.8833019287959e-05,-0.996852465054343
"HMDB0251515",0.010439546103161,-0.99811657624518
"HMDB0251530",-0.999999945521118,-0.999999992427133
"HMDB0251697",2.39054686403449e-09,-0.99999999165275
"HMDB0252127",1.84302064116076e-08,-0.999999967317736
"HMDB0252153",-0.999981274738708,1.41029568187495e-07
"HMDB0252293",-0.99933031454397,-0.997449241316723
"HMDB0252887",4.14290665427813e-11,1.24249369684798e-10
"HMDB0253027",4.34836621928973e-08,4.86019497684334e-09
"HMDB0253334",3.46818683237983e-08,-0.999999992119172
"HMDB0253468",3.55038912715959e-08,-0.999999971507369
"HMDB0254039",0.0316162807077214,4.51780305057790e-09
"HMDB0255048",9.57376383631732e-09,1.59737642894905e-08
"HMDB0255053",-0.999999998964241,6.03565022017972e-09
"HMDB0256281",2.51088813051915e-05,-0.999999987948953
"HMDB0256618",-0.999999946355351,1.86873191819346e-08
"HMDB0256817",8.43574346814915e-05,-0.999985703915826
"HMDB0257139",1.11270011760452e-07,2.67400627674555e-09
"HMDB0257594",-0.999998418401576,1.17427031630963e-05
"HMDB0257686",0.000323125302417495,-0.997437442919575
"HMDB0257923",6.56076728421607e-07,3.9301735128971e-06
"HMDB0258420",4.40502630086653e-05,2.57654641975029e-05
"HMDB0258742",3.91756141436231e-08,1.3563308975042e-08
"HMDB0258856",3.31064537143984e-08,1.95384168007497e-09
"HMDB0259219",1.46161716651013e-05,1.58257537348445e-07
"HMDB0259827",3.12020342200167e-08,1.40955315543747e-08
"HMDB0260267",5.12083563219384e-08,3.32339633822467e-08
"HMDB0301757",-0.993698028215375,-0.964872996128025
"HMDB0301760",-0.990204926372154,-0.999999996454537
"HMDB0302203",0.00139727763064954,1.59012725257259e-08
"HMDB0302508",1.0793450179756e-11,5.98815936924831e-09
"HMDB0302754",9.24624958277742e-08,-0.999999973610698
"HMDB0302835",5.58302135550242e-06,-0.999988877394712
"HMDB0303019",4.78998368829188e-06,-0.999998586717328
"HMDB0303167",5.58302135550242e-06,-0.999988877394712
"HMDB0303345",-0.999999642429814,5.80224804302658e-07
"HMDB0303347",9.35936772831297e-06,7.01360098378976e-07
"HMDB0303348",9.35936772831297e-06,7.01360098378976e-07
"HMDB0303361",-0.995679987925161,-0.989540863718947
"HMDB0303385",0.010439546103161,-0.99811657624518
"HMDB0303648",-0.999988123129888,1.14732826966607e-05
"HMDB0303730",0.0713476872929988,-0.99999956216799
"HMDB0303950",2.99988233836053e-05,7.29227251245369e-06
"HMDB0303991",-0.999996803480697,-0.99999537288678
"HMDB0304081",0.00112339357833328,0.00261822519543935
"HMDB0304085",-0.999687215705171,0.00221233062903445
"HMDB0304156",5.55375496049514e-09,-0.999999977825352
"HMDB0304157",4.02446146022848e-06,4.78821064667307e-10
"HMDB0304180",9.04701073296589e-05,1.17693642290041e-05
"HMDB0304256",0.000100050294521857,-0.999536530652909
"HMDB0304269",2.43942144269255e-05,7.22862165988404e-06
"HMDB0304270",-0.999986265497719,-0.999989192203866
"HMDB0304324",0.0200606175771641,-0.976720220751758
"HMDB0304340",-0.998645549636317,0.0177766359781434
"HMDB0304356",3.74412001284721e-05,-0.9999978457649
"HMDB0304376",-0.999999926985229,-0.999999958964227
"HMDB0304424",3.59819387548354e-06,1.51358319198617e-06
"HMDB0304435",-0.999999990530688,-0.999999997465721
"HMDB0304443",-0.999999642429814,5.80224804302658e-07
"HMDB0304496",3.02721541623325e-06,-0.9999999586533
"HMDB0304547",-0.999999982689519,-0.999999991912328
"HMDB0304632",-0.995926644413928,-0.853319245996073
"HMDB0304722",-0.999999974456087,-0.999999995248682
"HMDB0304771",4.67221745804921e-06,-0.999995102232597
"HMDB0304810",0.0523935694872447,0.00719267134330411
