"","Basal III cells","Fibroblasts","Macrophages"
"HMDB0000002",-0.999999994317199,-0.99999999755925,6.76815289045435e-09
"HMDB0000005",2.3722833037943e-09,-0.999999994831087,1.71272391260612e-09
"HMDB0000008",-0.969117100504478,-0.994883677718366,-0.976194651545612
"HMDB0000010",1.03012794002012e-06,4.21071484484705e-06,1.37430715709266e-08
"HMDB0000012",0.000719598677406462,-0.999725957658191,-0.996418245905382
"HMDB0000014",8.14517777395494e-06,1.82667896376602e-05,4.55645114704221e-08
"HMDB0000015",6.6271071119489e-08,6.09300923565521e-08,1.34608798542669e-08
"HMDB0000016",9.99947747265543e-08,9.47201172388517e-08,3.65144003272295e-08
"HMDB0000017",7.29846742874396e-08,3.00086987297368e-08,5.88383687216375e-09
"HMDB0000020",4.05832111462141e-10,1.08197289094699e-08,9.98216672220494e-09
"HMDB0000021",5.33739535389269e-09,-0.999999996673019,1.09790326388034e-08
"HMDB0000022",1.8035927655348e-06,2.86248345554221e-05,1.92065269262401e-08
"HMDB0000023",1.45397556867271e-05,8.02308769684507e-06,6.91214884224144e-07
"HMDB0000026",0.000167940626042123,7.3585197685145e-05,1.20278378312601e-05
"HMDB0000027",0.0091548678191901,-0.975959668767501,1.70138596537407e-08
"HMDB0000030",1.21634938726868e-06,1.99809026879039e-07,-0.999999942929447
"HMDB0000031",-0.999999848990866,-0.999999861140888,1.50838739662827e-08
"HMDB0000032",0.054728687742023,0.0683541884210027,-0.994382070243994
"HMDB0000033",-0.999997875054768,-0.999999017830695,-0.999999995198105
"HMDB0000034",0.0132165836073227,0.0318777286882192,-0.646657520641992
"HMDB0000036",-0.999999571735061,6.63760239648558e-07,-0.999998822293912
"HMDB0000037",-0.999999992688543,-0.999999993342286,-0.999999947823258
"HMDB0000038",-0.990761592890734,-0.97587925859205,-0.999997619436717
"HMDB0000039",-0.999999978952256,-0.999999975233884,-0.99999998612701
"HMDB0000042",0.0599806852781316,0.0208853516331653,0.00440527825789641
"HMDB0000043",-0.999999997415971,1.94437726276225e-09,6.25787812945947e-09
"HMDB0000044",0.0261065540133202,-0.9347292156423,-0.983281720495639
"HMDB0000045",-0.985298231242072,-0.962307441727257,0.373942701692691
"HMDB0000050",-1.99414739226789,-0.990585988764109,-0.978887922997
"HMDB0000051",1,0.83903777258052,0.1517949339413
"HMDB0000052",0.0105111403300429,0.00774807079020756,0.000152690353244734
"HMDB0000053",3.5038370671228e-06,5.54741539314125e-06,-0.999999561582088
"HMDB0000054",-0.999999279411933,6.82578591730584e-07,1.85963720806195e-06
"HMDB0000056",9.16576881801142e-07,2.3877523400672e-06,-0.99999943932443
"HMDB0000058",-0.999988931141406,-0.999999981420091,-0.999999977187294
"HMDB0000060",0.00232872548583377,-0.99923771620423,-0.997503377153281
"HMDB0000062",-0.996294566205453,-0.997020952302991,-0.994078094149626
"HMDB0000063",0.00397185750514446,-0.992124244618584,-0.98672225598084
"HMDB0000064",-0.99999993778702,-0.999999974505282,-0.999999996406188
"HMDB0000067",0.0447707004983667,0.0793227490521048,0.0403405357372735
"HMDB0000068",3.15472900606302e-08,3.28931485805066e-08,2.01631516990578e-08
"HMDB0000071",-0.999408737403812,-0.999755247735517,-0.999952501285575
"HMDB0000072",1.35285945650534e-07,-0.999999973615907,-0.99999996974377
"HMDB0000073",1.37535100955605e-07,2.61719004310652e-07,1.63005114878238e-07
"HMDB0000076",0.00115060042370827,-0.997801874209306,0.00357457937929786
"HMDB0000077",0.000272639069598351,0.000504972844011977,-0.998709212840521
"HMDB0000078",1.90256086343243e-06,-0.999994882557689,4.18798900068008e-06
"HMDB0000079",1.92109439704325e-08,1.12030541085106e-08,-0.999999995045455
"HMDB0000082",0.000191654229564895,-0.999507189523245,-0.998230702646396
"HMDB0000085",7.36037060010667e-06,-0.999949773368287,-0.999999993446177
"HMDB0000089",-0.999684102637639,0.000481662188754695,-0.999947411531449
"HMDB0000092",1.7058473034232e-08,-0.999999988405341,-0.999999976007777
"HMDB0000094",-0.906728181063659,-0.893909726155008,7.79850297102449e-07
"HMDB0000095",-0.999726980624743,-0.999707048778548,0.0037518888540099
"HMDB0000097",0.0227374556909924,0.0249107632468842,4.60512390944389e-08
"HMDB0000098",4.692918875736e-09,-0.999998119596663,3.50387015649848e-09
"HMDB0000099",-0.999999992857591,-0.999999990587895,-0.999999994103492
"HMDB0000101",-0.997949263956809,-0.999406862084228,4.82612665314311e-05
"HMDB0000107",-0.999999996067899,2.11987007262971e-09,4.56905902260695e-09
"HMDB0000108",1.17797352403606e-05,-0.999994133482646,-0.999987080581831
"HMDB0000112",8.89074331353813e-08,8.76709992597752e-08,1.70288127418884e-08
"HMDB0000115",-0.999998928122188,2.40751626989447e-06,5.65722968534955e-07
"HMDB0000118",6.61420125828821e-08,3.36464397477374e-08,-0.999999996405293
"HMDB0000119",3.91943955832603e-06,1.03163135908164e-07,1.49353520884842e-06
"HMDB0000121",-0.999995765394103,-0.999998123194881,-0.999999941970682
"HMDB0000122",0.00506288731250638,-0.956133917166736,-0.988503408840875
"HMDB0000123",0.387538342424999,0.50257667611729,0.33604765353971
"HMDB0000125",-0.999994644597412,-0.999987371038262,-0.999997182264157
"HMDB0000126",0.0205061694096561,-0.973132136792853,-0.859716559838778
"HMDB0000127",0.000300460386439011,0.000152639239488977,0.000146222953572838
"HMDB0000128",-0.999999956978443,-0.999999974011929,0.00486856968088664
"HMDB0000130",1.22035105459431e-08,9.73874066365009e-09,9.59247771979328e-09
"HMDB0000131",0.0476650512257553,-0.956387051467028,0.000146760964264134
"HMDB0000132",-0.999999949390914,-0.999999981705442,1.50454127309123e-10
"HMDB0000133",-0.999991372651671,-0.999917061053098,-0.999999380379554
"HMDB0000134",0.0229426766653071,0.0143182960907647,2.76427994281231e-07
"HMDB0000138",-0.99999957038703,6.65434075379222e-07,-0.999998830134702
"HMDB0000139",0.00283868028889318,0.00421438383827711,0.00861521460206383
"HMDB0000142",1.08578199353173e-05,1.85528737528998e-06,7.92990792244493e-07
"HMDB0000143",5.28448019204923e-05,-0.999997383355821,4.16204502397343e-06
"HMDB0000145",1.51689699696374e-05,8.05754493937156e-06,-0.999996916230378
"HMDB0000148",-0.992166717114533,0.0116202129209857,-0.978757038834171
"HMDB0000149",0.000382452680543335,0.00113891526850684,8.59349137263967e-06
"HMDB0000151",-0.999990043658852,-0.999994257515731,-0.999993827534908
"HMDB0000152",-0.999999993558206,-0.99999999934189,-0.999999993489996
"HMDB0000153",-0.999995349905388,-0.999997902744833,9.38008392509892e-06
"HMDB0000156",0.0480050297046053,-0.92022679613625,-0.772375094177741
"HMDB0000157",-0.999999900932754,-0.99999995841264,-0.999999974432494
"HMDB0000158",-0.994692947331363,-0.992273444311277,0.00369315263075211
"HMDB0000159",-1.99563345392324,-0.997485062040068,-0.996573817339521
"HMDB0000161",-0.998740214075895,0.062089604400587,0.154818415349939
"HMDB0000162",-0.932979922105875,-0.935437886441734,-0.827230244411672
"HMDB0000163",5.91670933490974e-09,1.04680963393191e-08,3.63775375891305e-09
"HMDB0000164",-0.99999999387883,-0.999999989304554,5.57036672589853e-09
"HMDB0000167",-0.960961481475435,-0.919105806021197,-0.885161420655205
"HMDB0000168",-0.997903063235497,-0.998071493474332,0.00340822060384616
"HMDB0000169",-0.999922042324702,-0.999980224790303,4.66870878731926e-06
"HMDB0000172",-0.996548542953836,-0.995732396607351,0.00271400850949083
"HMDB0000174",-0.999998260359434,2.80582994416359e-06,-0.999998910703852
"HMDB0000175",-0.998485269845212,0.000416710527473136,0.0166212215579551
"HMDB0000177",0.0128278269463098,-0.954598262037046,0.0322886880482016
"HMDB0000181",-0.999219055811847,0.00701048928385043,-0.991207621984846
"HMDB0000182",-0.988133915283304,-0.975481691589522,-0.966318004858621
"HMDB0000186",0.0033350394300056,-0.982704523662533,0.044995509735693
"HMDB0000187",-0.991147990316232,-0.993542527193177,0.00650360234350388
"HMDB0000189",-0.999944419881498,-0.99991410488666,3.60286212791104e-06
"HMDB0000190",-0.900921667069642,0.0273417897747525,-0.910646830596596
"HMDB0000191",0.00376380255021608,0.00351541940654608,0.00404447921721962
"HMDB0000192",-0.994366978660369,-0.991588395482045,-0.987035113308634
"HMDB0000193",-0.992855513654016,0.0505156974808872,-0.921329255199962
"HMDB0000195",0.00127088403804313,-0.999748372805889,-0.984259273115782
"HMDB0000197",-2.89529592512287,-0.964248528510694,-0.8976821530042
"HMDB0000201",0.00118646337535803,-0.998331791217431,-0.999999984967586
"HMDB0000202",6.84894592608227e-05,6.25079406009122e-05,-0.999999307690082
"HMDB0000205",-0.999228333829958,0.00230440213602192,0.0039632158826334
"HMDB0000207",0.0989015522427028,0.0846339749028736,0.0230408965810405
"HMDB0000209",-0.999975397517424,-0.999994486400582,1.05244323075726e-05
"HMDB0000210",0.000233087753800755,0.000887607413234225,0.0209127572239999
"HMDB0000211",-0.998056513022483,-0.998134137081438,-0.999329104964434
"HMDB0000212",-0.999989847910041,-0.999999078276395,7.09491126588038e-05
"HMDB0000214",-0.996496544486485,-0.871455260341636,0.00544546256787743
"HMDB0000215",1.09646504553566e-09,-0.9999999997871,1.5992143655536e-10
"HMDB0000216",5.21046744788581e-08,4.10344051515597e-08,3.28626242118635e-08
"HMDB0000217",3.41739842548773e-09,-0.999999999640232,3.02630354586367e-09
"HMDB0000220",0.0774321280368193,0.063370365338782,0.0170526305103052
"HMDB0000222",0.00105569756032175,-0.997525202581387,-0.999999933769669
"HMDB0000223",-0.976480813531205,0.0628003639671518,0.202039953248199
"HMDB0000226",0.000136964742439123,-0.999983804189141,-0.999999998838279
"HMDB0000230",-0.999997889672804,-0.999999235534085,2.413301564403e-06
"HMDB0000234",-1.99999639264483,-1.99999441495442,-0.999999548986457
"HMDB0000235",-0.999999990748379,1.5772381745798e-06,2.71277514657968e-06
"HMDB0000237",0.0216473810592697,0.000982665628650678,0.00408649991943406
"HMDB0000239",-0.996505035293194,-0.999999963970832,6.36779816501487e-09
"HMDB0000240",0.030290550313049,-0.937918060160719,-0.909038897540848
"HMDB0000241",2.73636148581661e-06,1.1397687990717e-06,8.22080745757731e-09
"HMDB0000243",0.0417024172192747,0.0270675332017819,0.0674076930386474
"HMDB0000244",0.000101026053255547,9.63670847500759e-05,5.70290776525063e-06
"HMDB0000246",-0.999991866145847,-0.999996272722205,-0.999973372156107
"HMDB0000247",-0.990504092394248,0.0317275119155784,0.00900895300378459
"HMDB0000248",-0.99999998653665,-0.99999999502693,-0.999999997581456
"HMDB0000250",-0.995580781726138,-0.954163795686656,0.319236666954375
"HMDB0000251",0.000162298341335236,0.00136242591441962,0.00736231909920974
"HMDB0000252",0.00934141612742471,-0.99444090419509,0.0325352768246756
"HMDB0000253",9.25504744216631e-08,9.30620274481224e-08,-0.99999997162767
"HMDB0000254",1.38329226960494e-08,-0.999999931457845,2.60052295471812e-08
"HMDB0000256",-0.999999973749758,-0.999999964432375,2.15960426951124e-08
"HMDB0000257",1.03066659554183e-05,-0.999999994402,1.02537179661407e-08
"HMDB0000258",-0.999999997721637,-0.999999997680248,1.4679410892469e-10
"HMDB0000259",-0.999999953227874,-0.999999970545375,6.17238449320156e-09
"HMDB0000262",3.47281377273667e-09,4.87162106724522e-09,1.11652854215441e-09
"HMDB0000263",0.0170522402731593,0.000135530874105386,-0.76600039006124
"HMDB0000265",-0.999999975955054,-0.999999977505297,1.3123112318542e-09
"HMDB0000267",2.96387510669939e-05,2.07342221356745e-05,5.36886229757765e-10
"HMDB0000269",0.00596267501520185,-0.985831220048714,-0.993849471964875
"HMDB0000271",-0.999999994189841,6.40485064453483e-09,2.70840919451417e-08
"HMDB0000272",0.00208922315282843,-0.994737910287227,-0.999941196333815
"HMDB0000273",5.84613599963801e-05,-0.999911231120821,4.15134196953927e-09
"HMDB0000277",0.00576925219947304,0.00595505235773367,-0.890946797671618
"HMDB0000279",8.55749711829374e-08,-0.999999992836601,-0.999999994305629
"HMDB0000283",-0.999999998748312,4.03834434626238e-10,-0.999999992672963
"HMDB0000285",9.35368349693274e-05,0.000332194264013628,0.00968398747380953
"HMDB0000288",0.000248033594555141,-0.999175760347795,3.39407226355368e-06
"HMDB0000289",0.00304355088711674,-0.992208565468885,-0.998751674046232
"HMDB0000291",5.95664454536242e-08,3.73806319868254e-08,9.60970133722521e-09
"HMDB0000292",-0.999922738870696,6.48414390590223e-05,2.37034794284499e-06
"HMDB0000293",-0.999979455527959,-0.999998307683792,-0.999999999242066
"HMDB0000294",-0.997781446214023,0.00843620856687405,0.00181895839253472
"HMDB0000295",-0.999913880071428,0.000162385915560821,3.32871221990109e-05
"HMDB0000296",-0.999059163264232,0.00563844161318826,-0.990439362468718
"HMDB0000299",-0.999974532736574,7.4354853349619e-05,6.30676059763637e-07
"HMDB0000300",2.67424980086455e-07,1.06863720338989e-07,1.87612798514293e-08
"HMDB0000301",9.34436900869426e-08,-0.999999993754313,-0.999999989616274
"HMDB0000302",-0.999975887104585,-0.99998927106318,-0.999991938536961
"HMDB0000303",-0.999999995013248,-0.999999998992673,-0.999999998978363
"HMDB0000305",-0.999999998622597,-0.999997964347023,-0.999999998930852
"HMDB0000306",-0.999999976412902,1.47075506348324e-08,2.03668705037267e-08
"HMDB0000321",0.000510492318216369,-0.988490784717353,0.0534383729475714
"HMDB0000343",1.87290862765714e-06,-0.999997247402621,3.09641153920768e-07
"HMDB0000347",-0.999995349905388,-0.999997902744833,9.38008392509892e-06
"HMDB0000362",0.0304675648535116,-0.925896996944234,-0.970817108465776
"HMDB0000363",3.21499044628874e-08,2.38721827056292e-08,1.39709621026542e-08
"HMDB0000364",-1.99999995513321,-1.99999998243892,1.96032161987935e-08
"HMDB0000374",5.98201510143591e-08,6.03995443618891e-08,8.32254106398172e-09
"HMDB0000379",0.00538579191677838,0.0011929072436569,0.0197552360367022
"HMDB0000380",0.00538579191677838,0.0011929072436569,0.0197552360367022
"HMDB0000415",-1.99999995513321,-1.99999998243892,1.96032161987935e-08
"HMDB0000428",1.89630195407561e-05,4.37659443400325e-07,1.58418498021754e-06
"HMDB0000448",-0.999947304732766,-0.999998356663605,3.3501943130714e-08
"HMDB0000453",1.74361925784021e-05,6.7337243501797e-05,0.00165973345002247
"HMDB0000462",-0.999994807262855,6.27304875477151e-06,8.04373062644235e-06
"HMDB0000464",-0.999999994133043,-0.999999998209987,1.35625502502049e-09
"HMDB0000467",-0.999999964418057,-0.999999990301796,-0.999999998265856
"HMDB0000479",-0.985704212311942,0.0444287769054997,-0.970263219606484
"HMDB0000482",-0.999999160562576,7.53679867353045e-07,1.34285277693807e-06
"HMDB0000490",-0.999999954916235,-0.999999972498837,8.31367873471636e-11
"HMDB0000492",-0.999999858704649,-0.999999939491853,-0.999999984931842
"HMDB0000499",3.39467319548083e-05,2.8148594223028e-05,-0.999997692405179
"HMDB0000500",3.7402410515794e-05,8.78588937264994e-05,0.000173465934425367
"HMDB0000506",6.0581661162876e-09,3.44256571899523e-09,4.73406358044397e-09
"HMDB0000508",3.22726474246212e-09,-0.999999998189125,4.77530842981122e-09
"HMDB0000510",5.04806408561397e-08,1.6133950505988e-08,1.00148074605984e-08
"HMDB0000511",3.20111949922579e-08,-0.999958260478878,-0.999999994258691
"HMDB0000513",3.20111949922579e-08,-0.999958260478878,-0.999999994258691
"HMDB0000517",-0.988128366915016,-0.99214662651554,0.00312095476189206
"HMDB0000518",-0.999999953831704,-0.999999997857625,3.48749849086523e-08
"HMDB0000521",3.39467319548083e-05,2.8148594223028e-05,-0.999997692405179
"HMDB0000525",1.74361925784021e-05,6.7337243501797e-05,0.00165973345002247
"HMDB0000532",0.0599806852781316,0.0208853516331653,0.00440527825789641
"HMDB0000535",4.66488401502172e-05,0.000159352769815039,-0.99906608708211
"HMDB0000538",-0.985614293263653,0.0292325930167865,0.0457014398678776
"HMDB0000554",3.78673544235192e-08,2.60705580507553e-08,3.79294084361223e-09
"HMDB0000557",-0.996548542953836,-0.995732396607351,0.00271400850949083
"HMDB0000561",3.65981470310278e-10,5.37208035783746e-10,-0.999999991588471
"HMDB0000562",-0.999999996607061,6.79109582933411e-10,-0.999999989301588
"HMDB0000568",0.0132506292929242,-0.989853397080426,-0.871108936807172
"HMDB0000570",1.44206529472153e-06,7.44462436161975e-07,2.3684919629188e-08
"HMDB0000573",2.39657790528149e-05,1.37419109121867e-05,-0.999997718990366
"HMDB0000574",0.0347192000006492,-0.959184222648596,-0.9300546438408
"HMDB0000577",9.26031865287241e-09,3.30758338842837e-09,-0.999999999634467
"HMDB0000586",3.40657422834447e-09,5.31206206225742e-09,6.97492029969877e-09
"HMDB0000588",1.49779191953557e-09,1.08329406451221e-08,1.03080598596144e-08
"HMDB0000595",0.0320083238851725,-0.936896611701352,-0.940833839012927
"HMDB0000608",-0.999999735100149,-0.999995432294862,-0.999999853661383
"HMDB0000619",6.3699000415344e-08,4.88280512084272e-09,9.52416757644114e-09
"HMDB0000620",2.26496927094401e-05,3.03250254594619e-07,-0.999998554382811
"HMDB0000621",-0.999999991370632,-0.999999996146011,-0.999999999148557
"HMDB0000622",2.04299339870943e-05,8.46720002905286e-05,5.46615349963166e-08
"HMDB0000623",-0.999979796826846,-0.999983428780439,2.74748069616356e-08
"HMDB0000625",0.0553639517798571,0.00581546543977284,0.00291665310733203
"HMDB0000630",2.54067957201011e-07,9.72353882165439e-08,1.6149275263576e-08
"HMDB0000631",-0.967803339518337,0.065689293001359,0.0994370076097319
"HMDB0000637",8.94828639535101e-09,-0.999999992715418,7.73044025544976e-09
"HMDB0000638",-0.999980365658147,4.55529628416955e-05,-0.999999591928365
"HMDB0000641",-0.994640969904365,2.98757327278978e-05,0.00950896529714826
"HMDB0000643",6.92979326186921e-05,5.30812716408894e-05,-0.999999974014719
"HMDB0000646",-0.99999978700826,-0.999999253749168,-0.999999527024195
"HMDB0000660",-0.999999992872537,-0.999999993098454,2.45978362027177e-08
"HMDB0000661",-0.999999999999834,-0.999999999999915,0
"HMDB0000666",2.86250201066325e-08,-0.999999993708753,-0.999999999037449
"HMDB0000669",1.33037905466391e-08,9.69226261116832e-09,-0.999999999144517
"HMDB0000673",0.0412699721564699,0.0349897706498683,0.00804348607661821
"HMDB0000676",-0.996357300320471,-0.998105062824486,0.0657686541209093
"HMDB0000678",3.98168824568653e-09,-0.999999997946547,-0.999999995868129
"HMDB0000679",-0.999999379659903,-0.999999766386718,-0.999999809843111
"HMDB0000682",-0.999999999760157,6.79238881653085e-11,1.53955751220958e-09
"HMDB0000684",-0.999999956005591,-0.9999999755639,7.37350784035403e-08
"HMDB0000687",-0.846691058250318,-0.845697001144666,0.0161034222303611
"HMDB0000691",-0.999999999827397,-0.999999988979795,-0.999999996762104
"HMDB0000692",-0.644413914297786,-0.608435666522254,-0.665254564794294
"HMDB0000695",8.64259434131698e-06,-0.999997725506734,-0.999999982454152
"HMDB0000696",-0.99723546823476,-0.93593073672751,-0.839115499023898
"HMDB0000698",4.5513537267906e-08,1.07701456327704e-08,-0.999999998660602
"HMDB0000699",1.2647329266883e-07,4.59291246154099e-08,-0.999999993098346
"HMDB0000700",3.21324236950221e-08,2.03131502762273e-08,1.36906241199698e-08
"HMDB0000707",0.000679679074267639,0.000935787180384317,-0.993689380618363
"HMDB0000708",1.44061308981996e-07,1.85445336145653e-08,-0.999999982102513
"HMDB0000710",1.74726399519413e-06,3.94901736759932e-07,-0.999998573556478
"HMDB0000714",8.69622140069371e-06,-0.999993865592893,-0.999993839381769
"HMDB0000716",0.000185224228433098,0.000171355066615614,-0.999998217509831
"HMDB0000717",-0.999999961255764,-0.999999991147017,3.96964589427731e-09
"HMDB0000719",8.99107052313073e-06,-0.999986849808182,-0.999990979360815
"HMDB0000721",0.0323780122517783,0.0310566278304376,0.0905231594950582
"HMDB0000722",6.96735946614321e-08,2.55243636043414e-08,-0.999999992869997
"HMDB0000725",0.000530848604708537,0.0017796599198103,-0.999995312526957
"HMDB0000730",2.16090792192967e-08,2.9891996509356e-10,-0.999999996860486
"HMDB0000733",-0.99999957700308,-0.999999843237872,4.86300018538841e-08
"HMDB0000738",8.35572707012288e-10,-0.999999999133097,-0.99999999742475
"HMDB0000742",0.017466522531105,-0.979593288207299,-0.870753968555129
"HMDB0000745",-0.999998953168365,-0.999998868058563,3.54964041977626e-09
"HMDB0000752",6.09556349425642e-05,7.43443079926009e-06,2.32234398502035e-07
"HMDB0000754",-0.99999199003577,-0.999998284590442,1.41710523458354e-07
"HMDB0000755",0.000656627774232814,0.00319777737579514,0.00614631611544394
"HMDB0000756",4.66488401502172e-05,0.000159352769815039,-0.99906608708211
"HMDB0000757",-0.999876011677487,-0.999989339903823,6.79390393145479e-06
"HMDB0000759",-0.99999999860557,-0.999999998551571,3.10608453242397e-09
"HMDB0000760",-0.999999977929756,-0.999999993716732,4.89351796676877e-09
"HMDB0000761",-0.999999961255764,-0.999999991147017,3.96964589427731e-09
"HMDB0000766",-0.999999990353646,-0.999999999341121,-0.999999991516084
"HMDB0000772",2.46186922961559e-05,2.17699553374863e-05,-0.999997722417616
"HMDB0000774",3.82345454698079e-08,3.14991401603539e-08,-0.999999995782828
"HMDB0000779",0.00300301764083895,-0.993497869569602,-0.996042486193498
"HMDB0000784",1.49923941483577e-07,7.59835092210378e-06,-0.999992684324555
"HMDB0000795",2.59171988885757e-07,2.2852631126035e-07,3.51297439956506e-08
"HMDB0000801",-1.99999976743506,-1.99999988660085,1.83257262056469e-08
"HMDB0000803",1.09646504553566e-09,-0.9999999997871,1.5992143655536e-10
"HMDB0000806",0.00899839781139284,0.00763488920824475,0.00255991562769896
"HMDB0000807",0.00912068775829848,-0.981852184750166,-0.971000718352905
"HMDB0000811",1.76135808489741e-08,7.17908811846442e-09,5.23533796856603e-10
"HMDB0000819",3.11582080923452e-07,1.59449029665138e-07,-0.999999981675104
"HMDB0000821",5.88889350357016e-08,5.30818659101674e-09,1.25087480176686e-09
"HMDB0000826",2.3604884955926e-05,2.23707927918395e-05,-0.999997555388478
"HMDB0000827",0.00963701631486823,0.006737035700953,-0.99986777960385
"HMDB0000847",-0.999999739953497,-0.999992310013775,7.29878157285841e-06
"HMDB0000848",-0.999608064027862,0.00140258083965078,-0.999999954980708
"HMDB0000865",-1.99999995513321,-1.99999998243892,1.96032161987935e-08
"HMDB0000866",0.0021521747552105,0.00234461632432486,1.97744783775433e-06
"HMDB0000870",6.95480012991372e-08,4.51449816093276e-08,1.15529471245961e-08
"HMDB0000876",0.0447907197426271,0.0500700255575641,0.00514898868222955
"HMDB0000881",1.65392392933348e-08,2.55349460244606e-08,-0.999999944677104
"HMDB0000883",-0.997468147797509,-0.99890204966476,0.00981465356100801
"HMDB0000892",3.16645063341773e-08,-0.999999994659799,-0.999999999060007
"HMDB0000893",-0.999984715076522,-0.999984965410329,3.10015709155618e-08
"HMDB0000895",1.09088152917674e-07,8.70154018865937e-08,2.74547700732315e-08
"HMDB0000896",3.27901398529401e-07,-0.9999987839525,2.58624031700065e-07
"HMDB0000898",1.52001684787013e-08,4.43443240498979e-09,-0.999999991357703
"HMDB0000899",1.477582644517e-07,1.47357354854134e-07,-0.999999994462196
"HMDB0000900",-0.99999999618055,-0.999999997522297,1.61481918552492e-08
"HMDB0000902",0.00332430347277215,-0.982703163278416,0.044996783969906
"HMDB0000904",-0.999543305421298,7.50656444630126e-05,-0.999846590804804
"HMDB0000908",9.26031865287241e-09,3.30758338842837e-09,-0.999999999634467
"HMDB0000910",2.34198790589175e-05,2.24149435453745e-05,-0.999997749627041
"HMDB0000916",1.44206529472153e-06,7.44462436161975e-07,2.3684919629188e-08
"HMDB0000929",-0.999477638568507,8.34788152795473e-05,0.00301786908433848
"HMDB0000932",3.12099621673546e-08,1.32679328400514e-08,-0.999999998123991
"HMDB0000933",-0.999979796826846,-0.999983428780439,2.74748069616356e-08
"HMDB0000936",-0.999995132193615,2.41742895633074e-06,4.81268221272324e-09
"HMDB0000939",-0.985639527312901,0.0434063222832521,-0.967899179871746
"HMDB0000943",7.69575102514604e-06,3.24734838488906e-06,1.5967760606678e-06
"HMDB0000944",2.53865650349337e-05,1.91916009481734e-05,-0.999997708629047
"HMDB0000946",-0.999999916422143,-0.999999971383016,3.10129901801273e-09
"HMDB0000947",2.05484619397595e-08,-0.999999993516386,-0.999999999068497
"HMDB0000949",-0.999999988056152,-0.999999993797019,-0.999999992986813
"HMDB0000951",-0.999999988056152,-0.999999993797019,-0.999999992986813
"HMDB0000962",-0.999999945877989,7.2917839912262e-09,-0.999999985017904
"HMDB0000972",-0.999991895783309,-0.999996295951972,-0.999973376832044
"HMDB0000975",-0.999999992536699,-0.999999997862286,7.90275301267908e-09
"HMDB0000990",0.0271111822970489,0.0710922172300301,0.110057242739288
"HMDB0001008",-0.999999555853245,-0.999994475557912,-0.999998003431446
"HMDB0001039",1.56779521930114e-07,4.99818246508453e-08,1.42824213947169e-07
"HMDB0001043",0.00165862046770035,-0.999557033866924,-0.991077141491673
"HMDB0001044",-0.99671754998403,0.00703631295756628,2.0936384558694e-08
"HMDB0001050",5.5797172856161e-09,8.33624008383121e-10,4.20199634377105e-09
"HMDB0001051",0.0289807594185641,0.0514774508748405,5.32664748544124e-05
"HMDB0001056",-0.999991895783309,-0.999996295951972,-0.999973376832044
"HMDB0001072",0.00626706608738474,-0.984441756747018,-0.995603761694417
"HMDB0001080",9.61780529940136e-07,1.00850969772365e-06,1.56219161720592e-08
"HMDB0001085",-0.999999974127339,-0.999999897199825,-0.999999998867309
"HMDB0001123",2.04475299627986e-08,1.11565131234253e-08,2.95759291190524e-08
"HMDB0001129",-0.999999927175041,-0.999999971880838,6.18810975350967e-10
"HMDB0001138",-0.999999999793674,3.51286037888773e-09,1.67615342750373e-08
"HMDB0001139",1.48394711835052e-07,4.62071949871423e-08,1.86123264812808e-08
"HMDB0001149",7.67245234064377e-05,0.000145223516122371,1.06569834434154e-06
"HMDB0001160",2.35341074338684e-05,2.2869049973886e-05,-0.999997583578912
"HMDB0001167",-0.999978481082177,-0.999867324630561,0.00216061889935941
"HMDB0001175",-0.999760614395832,-0.999146966129932,2.04047879205423e-08
"HMDB0001178",-0.999999982873306,-0.999999994514654,-0.999999978324123
"HMDB0001185",0.0136535820245787,-0.954512667850034,0.048830260871713
"HMDB0001198",1.08157825046746e-07,-0.999999946518446,3.55219124560631e-08
"HMDB0001201",-0.999997207924779,-0.999997627150265,-0.999997163826677
"HMDB0001218",-0.999999997769856,6.42381798091723e-10,2.07288473882046e-09
"HMDB0001220",8.40334185032779e-06,3.87722041798777e-07,1.91022698016386e-05
"HMDB0001227",-0.99999999723663,0.00187319527565549,-0.990077981508472
"HMDB0001232",-0.999999135246223,2.03172249444562e-06,-0.999998235512715
"HMDB0001248",-0.999656121264127,-0.999767730601382,2.08893488682224e-07
"HMDB0001251",-0.999999900152338,1.31999675796403e-07,1.98932615353337e-07
"HMDB0001256",-0.999999231749037,-0.999989727842414,-0.999999597109481
"HMDB0001257",5.79709688074282e-09,3.29930353830704e-09,1.23713315768428e-08
"HMDB0001259",-0.999995175819952,2.07157145322623e-05,-0.999995585629172
"HMDB0001261",1.44206529472153e-06,7.44462436161975e-07,2.3684919629188e-08
"HMDB0001262",5.62611022791401e-11,2.39023080529493e-10,1.15536183266706e-10
"HMDB0001264",-0.973922948512933,0.0653604859674217,0.0167404457394558
"HMDB0001273",1.19160740837329e-06,-0.999997207209396,3.7064299097701e-06
"HMDB0001274",2.43716927741465e-08,-0.999914057186187,0.000273355855851164
"HMDB0001296",6.91980212436333e-09,2.62489286872031e-09,2.11384644515882e-09
"HMDB0001304",-0.993742970126618,0.0155806207946511,0.00440239598338877
"HMDB0001310",-1.99873080923763,-0.937892897202882,0.154818492465941
"HMDB0001311",-0.900921667069642,0.0273417897747525,-0.910646830596596
"HMDB0001314",2.14679781990344e-05,-0.999998740484691,-0.999999984270871
"HMDB0001325",0.000187242816533734,0.000324867641742553,-0.999999943325211
"HMDB0001335",-0.999999586899763,5.76707901220371e-07,-0.999992480035573
"HMDB0001337",-0.999999962665627,1.90208569656562e-08,-0.999999967507477
"HMDB0001341",0.000869865089226322,-0.996602978064798,-0.980056654078697
"HMDB0001358",0.0339659603966382,-0.987639241591446,-0.598042697582546
"HMDB0001361",-0.999999735100149,-0.999995432294862,-0.999999853661383
"HMDB0001373",0.0103855513932108,-0.974491949081128,-0.975055960424015
"HMDB0001377",-0.670403784365559,-0.690333323224021,-0.665667701022875
"HMDB0001381",1.20970641166471e-07,7.23195786781473e-08,6.98602348468807e-08
"HMDB0001388",0.00249213566604213,0.00210032732166936,0.000565440492464678
"HMDB0001389",-0.999988238530249,-0.999994053993547,-0.999988480833964
"HMDB0001397",-0.999986651039184,-0.999996613879525,-0.999999138612879
"HMDB0001403",1.26412211892868e-07,5.46373551776054e-08,2.62720170487331e-08
"HMDB0001406",-0.999974387216111,-0.999985681088056,-0.999997776872492
"HMDB0001414",0.00436974498214958,0.129403943905717,-0.999998827816606
"HMDB0001416",-0.989424849722232,0.0244443740552256,0.0192003579545419
"HMDB0001419",-0.999999942589529,-0.999999960985557,2.44466334968642e-09
"HMDB0001423",-0.999758532992352,-0.999545826950917,-0.990358150406329
"HMDB0001425",-0.999984789865164,-0.999991942075434,-1.99999690029211
"HMDB0001426",-0.999976896781633,7.2983278562323e-05,3.96956735596578e-06
"HMDB0001431",-0.999996276931023,-0.999999968863977,1.40256752592704e-08
"HMDB0001432",1.39586507723877e-07,-0.999999983062396,2.39242069487e-09
"HMDB0001434",7.50920988641406e-05,8.6148222588154e-05,-0.999997891949975
"HMDB0001438",-0.99999999631991,-0.999999997523254,1.6213088710242e-08
"HMDB0001440",0.00328712290555311,-0.992973689686656,-0.9999999790914
"HMDB0001442",4.88123139966211e-06,-1.99998742948227,1.81154981579456e-06
"HMDB0001448",-0.999998607763782,-0.999987972619471,1.20786349480514e-06
"HMDB0001449",2.2019499226599e-08,1.37796859302886e-08,5.55241291763e-09
"HMDB0001451",-0.999999967006449,-0.999999982431434,-0.999999997307432
"HMDB0001452",-0.999982897039378,-0.999991949248676,-0.999993472758146
"HMDB0001453",7.80424998175819e-06,-0.999999990041935,-0.999999992908713
"HMDB0001455",2.2019499226599e-08,1.37796859302886e-08,5.55241291763e-09
"HMDB0001473",0.019261695356578,-0.949647600542516,0.000104548761858149
"HMDB0001476",7.23057269728881e-08,4.41491816450498e-08,5.10635632001803e-08
"HMDB0001483",1.84697296623005e-08,7.5530200892527e-09,-0.999999998648614
"HMDB0001488",-0.999999957520098,-0.999999977567081,5.68171676796979e-09
"HMDB0001492",-0.999999948502199,-0.999999991388274,-0.999999982592619
"HMDB0001509",4.75924605913406e-06,-0.999991762841458,2.37973893565293e-08
"HMDB0001514",-0.999991129526543,-0.999994215312458,4.16642100494782e-06
"HMDB0001517",-0.999921555518017,-0.999908610011615,4.69001761487401e-08
"HMDB0001520",0.000349750434212081,0.000234717383933421,-0.999988563572139
"HMDB0001545",0.00344350390145179,1.23574794659767e-05,0.00052651132069303
"HMDB0001546",-0.999999991459311,-0.999930312757228,-0.999374926936398
"HMDB0001547",-0.999999985188911,-0.999999981674487,3.00487008226262e-09
"HMDB0001565",2.24732466461369e-05,0.000311477859767873,-0.999525709822357
"HMDB0001586",5.84129157549918e-05,1.94734851833789e-05,-0.999999998454453
"HMDB0001644",-0.999999885286502,-0.999999029820945,8.23043400537067e-09
"HMDB0001659",8.78095367922722e-05,0.0008396266588986,0.00250019029076707
"HMDB0001721",0.00208922315282843,-0.994737910287227,-0.999941196333815
"HMDB0001830",-0.999999915361492,-0.999999948552389,-0.999999993000796
"HMDB0001842",-0.999999999196901,9.44028470240149e-12,-0.99999999927537
"HMDB0001851",0.0132516271168036,-1.98985287377974,-0.871108273980856
"HMDB0001852",-0.988698280301439,0.00134997555352415,0.148626879712935
"HMDB0001855",-0.999999996938718,-0.999999998332766,3.75396354935797e-09
"HMDB0001858",-0.999999998742261,-0.999999999146125,1.82418891148948e-09
"HMDB0001870",-0.999976826976161,4.3462068712279e-07,6.19898713352534e-06
"HMDB0001874",-0.992855513654016,0.0505156974808872,-0.921329255199962
"HMDB0001875",1.47089306130114e-05,-0.999971462147729,-0.999999927331142
"HMDB0001877",0.000133902535811552,6.04644463677859e-05,-0.999853993365257
"HMDB0001882",-0.999726793307916,-0.999494781360749,-1.99870918058432
"HMDB0001893",1.22742819452029e-08,1.63525302620001e-08,-0.999999990761636
"HMDB0001896",1.58509327928362e-08,4.3936114237476e-09,-0.99999999741945
"HMDB0001903",5.60249126542849e-09,1.79912105030931e-09,-0.99999998272981
"HMDB0001913",-0.999999997769856,6.42381798091723e-10,2.07288473882046e-09
"HMDB0001921",-0.999999999196901,9.44028470240149e-12,-0.99999999927537
"HMDB0001967",0.108025239000573,0.291144402503272,0.255967678406807
"HMDB0001976",0.000133902535811552,6.04644463677859e-05,-0.999853993365257
"HMDB0001999",0.00024748330255551,2.60944876222403e-05,-0.999482253854527
"HMDB0002003",2.85947929141259e-05,2.30011445311933e-05,-0.999997725328631
"HMDB0002024",-0.999999989010399,1.37663470234803e-08,-0.999999999113429
"HMDB0002027",-0.999999996897599,1.43386994612125e-09,1.23685190901345e-09
"HMDB0002031",-0.999999974586451,-0.999999984015759,7.84055503752464e-09
"HMDB0002035",-0.999999998917603,-0.999999999124588,-0.999999980345129
"HMDB0002059",-0.999999960115109,-0.999999994728533,-0.99999999704987
"HMDB0002078",-0.999999995887296,4.81906481463336e-09,-0.999999986020188
"HMDB0002092",-0.999933010000501,5.10220876737093e-05,-0.999990874288384
"HMDB0002103",-0.999999882818609,-0.999998983432639,-0.999994876419953
"HMDB0002111",-0.77087967713622,-0.634994347543162,-0.33401885422524
"HMDB0002134",4.48596170055423e-09,5.07484672232742e-10,6.30463987624713e-09
"HMDB0002152",0.0339659603966382,-0.987639241591446,-0.598042697582546
"HMDB0002158",0.000360900246319939,-0.999151092452035,-0.999999968753518
"HMDB0002179",-0.965733405585467,0.0828454015318001,0.0380677315466639
"HMDB0002183",0.00027238219311053,0.000504899960869019,-0.998709231048483
"HMDB0002190",6.86116760337331e-08,1.7012547903656e-08,3.73775186538066e-09
"HMDB0002200",1.16998587186857e-06,5.02991229193646e-07,1.46213408346169e-09
"HMDB0002211",-0.999708812218863,0.00079695921159218,-0.999999994744299
"HMDB0002212",2.66583630679496e-05,2.6756925961996e-05,-0.999997731649745
"HMDB0002226",0.000118155399290959,0.000314216384487877,0.000374463268228958
"HMDB0002231",2.3724729694281e-05,2.31569581327538e-05,-0.999997502480876
"HMDB0002232",6.86116760337331e-08,1.7012547903656e-08,3.73775186538066e-09
"HMDB0002243",-0.999993231526518,-0.99999437464177,-0.999992494127462
"HMDB0002259",2.97696135424486e-05,1.70672946346402e-05,-0.999997767944082
"HMDB0002275",2.96313959198044e-08,1.96998665809252e-08,-0.999999994853667
"HMDB0002283",-0.999999857234994,1.91106672234247e-08,-0.999999991197279
"HMDB0002329",3.70530401875811e-06,3.09262325711893e-06,1.68421956753193e-08
"HMDB0002345",2.81294150139034e-05,2.27900705524321e-05,-0.999997724329621
"HMDB0002356",2.42056794700238e-05,2.29320735741973e-05,-0.999997705416827
"HMDB0002368",3.12826941495395e-05,2.24276158213905e-05,-0.999997723602404
"HMDB0002369",-0.988698280301439,0.00134997555352415,0.148626879712935
"HMDB0002504",3.18608950271173e-08,1.38817393551529e-08,1.76549066738866e-11
"HMDB0002639",3.1069778592766e-08,1.3080170712839e-08,-0.999999995527148
"HMDB0002642",1.05176429982375e-08,5.28269045771569e-09,3.28381366996377e-10
"HMDB0002656",6.68974117500348e-08,2.16473773225895e-08,-1.99999999054805
"HMDB0002664",0.000340477175021366,0.000198038275706839,0.000504337189992472
"HMDB0002666",-0.999999947671343,-0.99999838970188,-0.999997284620006
"HMDB0002685",1.30560486250763e-07,3.07722714173214e-08,-0.999999991188956
"HMDB0002704",5.57384416494586e-09,-0.999999993430365,2.17764168421952e-09
"HMDB0002710",-0.998253260425321,0.00317052710381372,0.00744636938667975
"HMDB0002719",0.0252720992615427,0.0145097821110677,6.14739766244617e-09
"HMDB0002752",0.000645763581814693,0.002227611293663,0.00664680075547206
"HMDB0002757",-0.999996124476097,-0.999986470847994,-0.999999988617609
"HMDB0002759",-0.999999999043463,1.83666738963084e-09,-0.999999996679397
"HMDB0002786",0.0343153686730598,-0.91727236906113,-0.96198638504828
"HMDB0002802",-0.996033761129363,0.0078869599819854,0.0132966332889262
"HMDB0002818",-0.99693224274506,0.00776261314485579,0.00124204165995033
"HMDB0002820",1.41480615983215e-09,4.10829696528953e-09,4.38399094203535e-10
"HMDB0002823",2.27692811308241e-05,2.17513762091559e-05,-0.999997695446124
"HMDB0002833",-1.99999639264483,-1.99999441495442,-0.999999548986457
"HMDB0002845",-0.999984890039398,-0.999991254507047,4.62445841194807e-06
"HMDB0002886",-0.946186221157722,0.0896250727920326,0.271922315815227
"HMDB0002917",1.05396014312536e-08,-0.999999998163119,1.1841329609241e-08
"HMDB0002923",-0.999999997282391,-0.999999995304319,2.30436634647273e-10
"HMDB0002925",0.000541709966083303,0.00044231008987958,-0.999579781446351
"HMDB0002982",6.71429791149428e-08,2.16101141729742e-08,-1.99999999032046
"HMDB0002991",7.79579843400991e-05,-0.999883696276169,0.0039237748175776
"HMDB0003073",0.00251497738499737,0.0021227833401052,-0.99936732781318
"HMDB0003080",-0.99999840782088,-0.999999509919186,-0.999999871453222
"HMDB0003125",0.0382205140143127,-0.961457126818122,-0.697476401675274
"HMDB0003134",-0.99999995920289,1.59948633739919e-08,1.28792989623393e-09
"HMDB0003141",-1.9758849205731,0.00726129295960967,0.294210802812819
"HMDB0003178",1.46010275209764e-06,3.90440361887644e-07,1.68093866318613e-08
"HMDB0003192",-0.999921555518017,-0.999908610011615,4.69001761487401e-08
"HMDB0003193",3.79736410867473e-08,1.81596380332807e-08,1.1756142785582e-09
"HMDB0003208",-0.999982897039378,-0.999991949248676,-0.999993472758146
"HMDB0003224",0.00254486689393763,0.00528111175304476,0.003586723239834
"HMDB0003235",2.63200917562386e-07,8.97982403094708e-08,9.06886489511057e-08
"HMDB0003252",1.71648107795847e-05,8.07173426048928e-06,6.53645132407712e-06
"HMDB0003269",-0.999999957520098,-0.999999977567081,5.68171676796979e-09
"HMDB0003276",1.96051911811131e-08,-0.999999998327878,-0.999999989656742
"HMDB0003335",-0.999962491474664,-0.999870889771002,-0.999124868084518
"HMDB0003337",-0.999990289661631,1.83542972810622e-06,1.83125183022096e-06
"HMDB0003339",0.00499417298360353,0.00740516364863326,0.0126265766984672
"HMDB0003345",0.00506288731250638,-0.956133917166736,-0.988503408840875
"HMDB0003357",3.51709193669474e-09,8.86466957326792e-10,5.10759517819882e-09
"HMDB0003374",-0.996496544486485,-0.871455260341636,0.00544546256787743
"HMDB0003375",-0.999999995568212,1.28843223048754e-09,4.17331135369335e-09
"HMDB0003378",5.40846369204118e-09,2.51993601491429e-08,-0.999999954974115
"HMDB0003379",1.19160740837329e-06,-0.999997207209396,3.7064299097701e-06
"HMDB0003391",0.0304675648535116,-0.925896996944234,-0.970817108465776
"HMDB0003402",-0.999998049375702,1.40564715409388e-06,-0.999995559207754
"HMDB0003406",1.06324046027109e-09,1.48141422581622e-10,1.13489056827363e-09
"HMDB0003411",-0.93297991932582,-1.93543788623638,-0.827230241361006
"HMDB0003416",-0.999999989000649,-0.999999993474177,9.4736724141826e-10
"HMDB0003417",0.0347192000006492,-0.959184222648596,-0.9300546438408
"HMDB0003418",-0.999999920246574,1.17175742532346e-06,8.87955571876834e-10
"HMDB0003423",-0.994640969904365,2.98757327278978e-05,0.00950896529714826
"HMDB0003426",0.000431308364071853,0.00151560613835169,-0.994529904277069
"HMDB0003459",1.56425189681427e-08,-0.999999994105469,-0.999999988863993
"HMDB0003474",-0.999999988407857,5.59033518657126e-09,1.80413472071867e-08
"HMDB0003537",-0.999472442616579,-0.99999856956211,1.25049910710891e-07
"HMDB0003540",-0.985298231242072,-0.962307441727257,0.373942701692691
"HMDB0003550",-0.99999999250239,9.10349193873253e-10,2.07668055170373e-08
"HMDB0003555",-0.999999972437295,-0.999999990175211,-0.999999997413974
"HMDB0003556",-0.999999087021657,1.33180970429566e-06,1.48933670904376e-08
"HMDB0003634",2.21688069233511e-09,-0.999999999355897,-0.999999997915508
"HMDB0003648",5.5338536882253e-09,7.1102686429434e-09,-0.999999999468548
"HMDB0003667",4.46267529373453e-09,-1.99999999871311,-1.99999999585617
"HMDB0003892",1.35990566352279e-08,-0.999999986908607,-0.999999971925154
"HMDB0003966",4.11906438659847e-08,5.02345655322079e-08,5.2309153596558e-08
"HMDB0004080",3.45221525646042e-08,1.22341793141006e-08,-0.999999997428692
"HMDB0004081",-0.999987202506543,-0.9999953911028,-0.999994443887303
"HMDB0004238",-0.998253260425321,0.00317052710381372,0.00744636938667975
"HMDB0004240",0.0538906770590845,-0.91050173168616,-0.728471820538992
"HMDB0004242",2.46839462031803e-08,1.35433255747964e-08,3.55651089996631e-09
"HMDB0004258",-0.999760614395832,-0.999146966129932,2.04047879205423e-08
"HMDB0004264",-0.999999857234994,1.91106672234247e-08,-0.999999991197279
"HMDB0004321",-0.999999995568212,1.28843223048754e-09,4.17331135369335e-09
"HMDB0004362",3.97225549920906e-08,1.20100878524455e-08,3.95426850349243e-10
"HMDB0004385",9.96895146571139e-11,2.00434966959051e-09,-0.999999999632766
"HMDB0004461",-0.999976826976161,4.3462068712279e-07,6.19898713352534e-06
"HMDB0004666",3.26784720454224e-08,1.23136266764102e-08,-0.99999999574717
"HMDB0004673",-0.999999859245929,1.93863956407832e-08,-0.99999999181861
"HMDB0004688",8.91204258179301e-08,5.03122478001607e-07,1.99720941797113e-07
"HMDB0004842",1.27403302311223e-06,3.69703867931869e-06,-0.999863188904508
"HMDB0004843",1.27403302311223e-06,3.69703867931869e-06,-0.999863188904508
"HMDB0004844",1.27403302311223e-06,3.69703867931869e-06,-0.999863188904508
"HMDB0004845",1.27403302311223e-06,3.69703867931869e-06,-0.999863188904508
"HMDB0004846",1.27403302311223e-06,3.69703867931869e-06,-0.999863188904508
"HMDB0004847",1.27403302311223e-06,3.69703867931869e-06,-0.999863188904508
"HMDB0004848",1.27403302311223e-06,3.69703867931869e-06,-0.999863188904508
"HMDB0004849",1.27403302311223e-06,3.69703867931869e-06,-0.999863188904508
"HMDB0004850",1.27403302311223e-06,3.69703867931869e-06,-0.999863188904508
"HMDB0004851",1.27403302311223e-06,3.69703867931869e-06,-0.999863188904508
"HMDB0004852",1.27403302311223e-06,3.69703867931869e-06,-0.999863188904508
"HMDB0004853",-0.999999994517675,1.65778476260651e-09,-0.999999999641182
"HMDB0004854",-0.999999994517675,1.65778476260651e-09,-0.999999999641182
"HMDB0004855",-0.999999994517675,1.65778476260651e-09,-0.999999999641182
"HMDB0004856",-0.999999994517675,1.65778476260651e-09,-0.999999999641182
"HMDB0004857",-0.999999994517675,1.65778476260651e-09,-0.999999999641182
"HMDB0004858",-0.999999994517675,1.65778476260651e-09,-0.999999999641182
"HMDB0004859",-0.999999994517675,1.65778476260651e-09,-0.999999999641182
"HMDB0004860",-0.999999994517675,1.65778476260651e-09,-0.999999999641182
"HMDB0004861",-0.999999994517675,1.65778476260651e-09,-0.999999999641182
"HMDB0004863",-0.999999994517675,1.65778476260651e-09,-0.999999999641182
"HMDB0004865",-0.999999994517675,1.65778476260651e-09,-0.999999999641182
"HMDB0004911",2.84147591741199e-08,8.58709774132194e-10,0.000203742476297801
"HMDB0004912",2.84147591741199e-08,8.58709774132194e-10,0.000203742476297801
"HMDB0004913",2.84147591741199e-08,8.58709774132194e-10,0.000203742476297801
"HMDB0004914",2.84147591741199e-08,8.58709774132194e-10,0.000203742476297801
"HMDB0004915",2.84147591741199e-08,8.58709774132194e-10,0.000203742476297801
"HMDB0004916",2.84147591741199e-08,8.58709774132194e-10,0.000203742476297801
"HMDB0004917",2.84147591741199e-08,8.58709774132194e-10,0.000203742476297801
"HMDB0004918",2.84147591741199e-08,8.58709774132194e-10,0.000203742476297801
"HMDB0004919",2.84147591741199e-08,8.58709774132194e-10,0.000203742476297801
"HMDB0004920",2.84147591741199e-08,8.58709774132194e-10,0.000203742476297801
"HMDB0004921",2.84147591741199e-08,8.58709774132194e-10,0.000203742476297801
"HMDB0004937",9.86348777751018e-07,-0.999995327592901,-0.999933729382435
"HMDB0004938",9.86348777751018e-07,-0.999995327592901,-0.999933729382435
"HMDB0004939",9.86348777751018e-07,-0.999995327592901,-0.999933729382435
"HMDB0004941",9.86348777751018e-07,-0.999995327592901,-0.999933729382435
"HMDB0004942",9.86348777751018e-07,-0.999995327592901,-0.999933729382435
"HMDB0004943",9.86348777751018e-07,-0.999995327592901,-0.999933729382435
"HMDB0004944",9.86348777751018e-07,-0.999995327592901,-0.999933729382435
"HMDB0004945",9.86348777751018e-07,-0.999995327592901,-0.999933729382435
"HMDB0004946",9.86348777751018e-07,-0.999995327592901,-0.999933729382435
"HMDB0004958",-0.999998708716171,-0.999996577360409,-0.999995597488286
"HMDB0004960",-0.999998708716171,-0.999996577360409,-0.999995597488286
"HMDB0004961",-0.999998708716171,-0.999996577360409,-0.999995597488286
"HMDB0004962",-0.999998708716171,-0.999996577360409,-0.999995597488286
"HMDB0004963",-0.999998708716171,-0.999996577360409,-0.999995597488286
"HMDB0004964",-0.999998708716171,-0.999996577360409,-0.999995597488286
"HMDB0004965",-0.999998708716171,-0.999996577360409,-0.999995597488286
"HMDB0004966",-0.999998708716171,-0.999996577360409,-0.999995597488286
"HMDB0004967",-0.999998708716171,-0.999996577360409,-0.999995597488286
"HMDB0004968",-0.999998708716171,-0.999996577360409,-0.999995597488286
"HMDB0005022",3.71398720121844e-06,-0.999897948731057,8.79216169124102e-07
"HMDB0005060",-0.999980938714514,6.03152661134935e-06,-0.999999662051138
"HMDB0005073",9.27106379263384e-07,1.18170995136092e-07,7.96334666431837e-08
"HMDB0005082",-1.99999997626694,-1.99999999258958,-1.99999998919874
"HMDB0005087",-0.999996107403134,-0.999988993524489,-0.999999998575898
"HMDB0005095",1.08157825046746e-07,-0.999999946518446,3.55219124560631e-08
"HMDB0005176",-0.999999965949014,-0.999999973503587,-0.999999968141301
"HMDB0005199",-0.999999990314648,3.16424351518902e-09,-0.999999994669944
"HMDB0005784",-0.999999995514598,-0.999999992264194,1.36371898932262e-08
"HMDB0005896",1.21621838671505e-06,5.82270645720769e-07,3.39838760809257e-07
"HMDB0005962",2.56876487820767e-07,7.28831429578178e-08,1.82079617600213e-08
"HMDB0006044",5.1183859407383e-07,-0.999968456718621,3.38514036929914e-07
"HMDB0006059",-0.999994900660684,3.8371878305301e-06,3.1458062253717e-06
"HMDB0006115",-0.999976826976161,4.3462068712279e-07,6.19898713352534e-06
"HMDB0006216",-0.999999998622597,-0.999997964347023,-0.999999998930852
"HMDB0006219",-1.9758849205731,0.00726129295960967,0.294210802812819
"HMDB0006220",0.0339659603966382,-0.987639241591446,-0.598042697582546
"HMDB0006221",-0.999999998622597,-0.999997964347023,-0.999999998930852
"HMDB0006224",3.98215763097718e-08,2.77007787789506e-08,2.48839742642369e-09
"HMDB0006240",2.36177136778517e-09,-0.999999998549468,6.13167911910788e-10
"HMDB0006254",1.77314957862632e-09,3.12792118489835e-10,-0.999999999013022
"HMDB0006270",0.0412699721564699,0.0349897706498683,0.00804348607661821
"HMDB0006294",-0.999888093113188,0.000629842108826628,-0.999570108371558
"HMDB0006327",-0.999999942027226,-0.999999991196236,-0.999999982785622
"HMDB0006344",1.12127608492993e-05,4.97705168637123e-06,-0.999985488921797
"HMDB0006472",1.08687010156959e-09,4.4604670312046e-10,-0.999999988868569
"HMDB0006482",6.95459799804613e-05,5.61687878241261e-05,0.000555824418689452
"HMDB0006483",2.64647845416413e-09,-0.999999995685129,2.64997068196438e-09
"HMDB0006525",-0.999999997769856,6.42381798091723e-10,2.07288473882046e-09
"HMDB0006528",0.000133902535811552,6.04644463677859e-05,-0.999853993365257
"HMDB0006543",-0.999999999247562,2.11875298801161e-10,6.81401232985921e-10
"HMDB0006547",1.51515170309277e-05,1.20009588724207e-05,-0.999943693360201
"HMDB0006552",8.47630415717974e-09,9.42840240741997e-09,6.40712936634217e-09
"HMDB0006557",-1.99997254660065,-1.99997743761548,-1.99999919452335
"HMDB0006740",2.66583630679496e-05,2.6756925961996e-05,-0.999997731649745
"HMDB0006790",-0.999999390905941,3.49962169681351e-06,-0.999999748327951
"HMDB0010199",1.48394711835052e-07,4.62071949871423e-08,1.86123264812808e-08
"HMDB0010216",2.36923807545309e-08,1.00823808718159e-08,-0.999999999344924
"HMDB0010316",1.57159537115381e-08,1.05218560080131e-08,-0.999999999901971
"HMDB0010384",1.65610776964649e-08,6.69529915684557e-09,4.62253620010646e-10
"HMDB0010708",2.41472224857553e-05,1.07442092887672e-05,8.07293748957151e-06
"HMDB0010709",2.41472224857553e-05,1.07442092887672e-05,8.07293748957151e-06
"HMDB0010710",2.41472224857553e-05,1.07442092887672e-05,8.07293748957151e-06
"HMDB0010711",2.41472224857553e-05,1.07442092887672e-05,8.07293748957151e-06
"HMDB0010712",2.41472224857553e-05,1.07442092887672e-05,8.07293748957151e-06
"HMDB0010713",2.41472224857553e-05,1.07442092887672e-05,8.07293748957151e-06
"HMDB0010714",2.41472224857553e-05,1.07442092887672e-05,8.07293748957151e-06
"HMDB0011134",-0.999999282327913,-0.999997341245257,-0.999992992806168
"HMDB0011135",-0.999994070384705,5.92209757986067e-07,7.08125505024532e-06
"HMDB0011175",5.1411859023601e-09,1.83515589676164e-09,-0.999999991234666
"HMDB0011179",1.5470380890455e-08,1.74245135580385e-09,-0.999999990786706
"HMDB0011617",-0.985298231242072,-0.962307441727257,0.373942701692691
"HMDB0011631",-0.999999992289265,-0.999999986935164,4.85882644579821e-08
"HMDB0011632",-0.999999996067899,2.11987007262971e-09,4.56905902260695e-09
"HMDB0011680",6.92979326186921e-05,5.30812716408894e-05,-0.999999974014719
"HMDB0011691",-0.999990289661631,1.83542972810622e-06,1.83125183022096e-06
"HMDB0011733",8.38275619004757e-09,-0.999999995885084,2.27147074412683e-09
"HMDB0011745",2.9313005115483e-09,3.04481676505041e-09,-0.999999999565622
"HMDB0012225",-0.999228333829958,0.00230440213602192,0.0039632158826334
"HMDB0012238",-0.999999976088979,-0.999999979527127,2.51843653067093e-09
"HMDB0012253",1.20904317193935e-13,-0.999999999997755,-0.999999999941259
"HMDB0012254",6.20564023947966e-12,3.59055899177477e-11,5.81992215466891e-11
"HMDB0012299",-0.993742970126618,0.0155806207946511,0.00440239598338877
"HMDB0012305",-0.999975887104585,-0.99998927106318,-0.999991938536961
"HMDB0012320",2.41472224857553e-05,1.07442092887672e-05,8.07293748957151e-06
"HMDB0012321",2.41472224857553e-05,1.07442092887672e-05,8.07293748957151e-06
"HMDB0012455",4.29695035918176e-08,1.43306040066817e-08,-0.999999971831075
"HMDB0012587",9.96895146571139e-11,2.00434966959051e-09,-0.999999999632766
"HMDB0012894",1.03250914128028e-08,-0.999999999066504,3.38799400845271e-09
"HMDB0012947",2.73636148581661e-06,1.1397687990717e-06,8.22080745757731e-09
"HMDB0012958",-0.999999937150504,-0.999999990608752,-0.999999981687314
"HMDB0012974",1.02019002538855e-08,2.77692956246426e-09,6.21518679941805e-09
"HMDB0012988",2.20315619635002e-08,-0.999999998081532,4.05337161595072e-09
"HMDB0013000",1.53510896775692e-09,2.26013164090837e-09,8.59366720299418e-11
"HMDB0013022",5.58220034636055e-09,-0.999999999644108,3.11142772177126e-10
"HMDB0013111",-0.993742970126618,0.0155806207946511,0.00440239598338877
"HMDB0013336",4.07421702138352e-06,1.27693894912687e-08,-0.999999996134248
"HMDB0013609",-0.999477638568507,8.34788152795473e-05,0.00301786908433848
"HMDB0013676",-0.999976826976161,4.3462068712279e-07,6.19898713352534e-06
"HMDB0013677",-0.999976826976161,4.3462068712279e-07,6.19898713352534e-06
"HMDB0014312",-0.999999967006449,-0.999999982431434,-0.999999997307432
"HMDB0014559",-0.985298231242072,-0.962307441727257,0.373942701692691
"HMDB0014581",-0.999999986960403,-0.999999995149539,-0.999999998321499
"HMDB0014618",-0.999999991459311,-0.999930312757228,-0.999374926936398
"HMDB0014644",-0.999999999729488,-0.999999999772903,1.1683290078165e-09
"HMDB0014816",-0.999999886725298,-0.999999941460599,-0.999999982415338
"HMDB0014821",-0.999980249541725,-0.999973693656553,-0.99999965991349
"HMDB0014839",-0.985298231242072,-0.962307441727257,0.373942701692691
"HMDB0015002",2.64725508315167e-05,-0.999979171094548,-0.999918319152317
"HMDB0015043",-0.999999972083419,-0.999999994253296,-0.999999986080483
"HMDB0015044",1.20992780323361e-09,-0.999999999982244,1.08690409496771e-09
"HMDB0015227",5.44588368852689e-07,-0.999950078502939,-0.999895762039804
"HMDB0015230",-0.999985489414565,-0.999995457272268,-0.999999992387896
"HMDB0015247",2.81957196624118e-06,-0.999999171450072,2.15888338930634e-06
"HMDB0015252",7.02766779131956e-06,-0.999985703255401,-0.999991245315376
"HMDB0015256",-0.999999997769856,6.42381798091723e-10,2.07288473882046e-09
"HMDB0015360",-0.999999997769856,6.42381798091723e-10,2.07288473882046e-09
"HMDB0015459",-0.996033761129363,0.0078869599819854,0.0132966332889262
"HMDB0015503",-0.999999997639608,1.45061599418738e-09,-0.999999999385725
"HMDB0015532",-0.999999997740738,5.87496337125453e-12,-0.999999997874871
"HMDB0015536",-0.998485269845212,0.000416710527473136,0.0166212215579551
"HMDB0028680",1.56425189681427e-08,-0.999999994105469,-0.999999988863993
"HMDB0028752",6.57882212271189e-07,2.6888994241e-07,1.33024637861567e-07
"HMDB0028818",-0.999999999171961,-0.999999979430038,2.08092445789889e-08
"HMDB0028823",-0.999999996111039,-0.999999990343582,7.69252557973662e-09
"HMDB0028848",9.14639768344219e-09,-0.999999998426008,-0.999999995636844
"HMDB0028929",-1.99999999773914,-1.99999999708147,-0.999999992883169
"HMDB0028933",0.07510954638508,0.0765415611454314,-0.999999996824126
"HMDB0028940",-0.999999997376509,2.19391050115807e-09,-0.999999987911904
"HMDB0028942",-0.999999990094737,-0.999999999715623,-0.999999982716421
"HMDB0028959",0.00361924356312616,-0.990505634722096,3.66431499274400e-10
"HMDB0029014",2.0069828333451e-09,-0.999999995919925,-0.999999982125168
"HMDB0029019",4.77986652218874e-09,-0.999999998771449,-0.99999999419364
"HMDB0029140",-0.999999987151185,-0.999999998174117,-0.999999970846601
"HMDB0029423",-0.999990958746361,1.31411238347127e-05,9.0380662533645e-06
"HMDB0029593",3.52060719058829e-08,2.0139826869014e-08,3.74513303302823e-09
"HMDB0029751",-0.999999995223269,1.3385714809649e-09,3.96571210451341e-09
"HMDB0029865",2.23133764686727e-09,-0.999999999356553,-0.999999997928083
"HMDB0030091",-0.999991129526543,-0.999994215312458,4.16642100494782e-06
"HMDB0032473",-0.999999995568212,1.28843223048754e-09,4.17331135369335e-09
"HMDB0032562",0.000133902535811552,6.04644463677859e-05,-0.999853993365257
"HMDB0033022",2.3724729694281e-05,2.31569581327538e-05,-0.999997502480876
"HMDB0033685",1.22742819452029e-08,1.63525302620001e-08,-0.999999990761636
"HMDB0033704",5.28448019204923e-05,-0.999997383355821,4.16204502397343e-06
"HMDB0033923",-0.996548542953836,-0.995732396607351,0.00271400850949083
"HMDB0033934",1,0.83903777258052,0.1517949339413
"HMDB0033951",-0.99723546823476,-0.93593073672751,-0.839115499023898
"HMDB0034227",1.22742819452029e-08,1.63525302620001e-08,-0.999999990761636
"HMDB0035924",8.35572707012288e-10,-0.999999999133097,-0.99999999742475
"HMDB0036087",2.21688069233511e-09,-0.999999999355897,-0.999999997915508
"HMDB0037138",5.91670933490974e-09,1.04680963393191e-08,3.63775375891305e-09
"HMDB0037177",0.0091548678191901,-0.975959668767501,1.70138596537407e-08
"HMDB0038660",0.000133902535811552,6.04644463677859e-05,-0.999853993365257
"HMDB0038852",5.62611022791401e-11,2.39023080529493e-10,1.15536183266706e-10
"HMDB0039463",1.22742819452029e-08,1.63525302620001e-08,-0.999999990761636
"HMDB0041627",0.0033350394300056,-0.982704523662533,0.044995509735693
"HMDB0041827",0,-0.161060323511216,-0.848354459827799
"HMDB0041861",-0.999999995887296,4.81906481463336e-09,-0.999999986020188
"HMDB0041950",-0.999999135246223,2.03172249444562e-06,-0.999998235512715
"HMDB0041991",-0.999999939922201,-0.999999927861445,3.84319189817039e-09
"HMDB0042012",-0.999999990314648,3.16424351518902e-09,-0.999999994669944
"HMDB0059597",0.927474981995472,0.842324344885795,0.508879822090736
"HMDB0059625",-0.999998260359434,2.80582994416359e-06,-0.999998910703852
"HMDB0059661",-0.993742970126618,0.0155806207946511,0.00440239598338877
"HMDB0060104",3.35308584067447e-08,1.0811727694948e-08,-0.99999999519834
"HMDB0060159",-0.999999999286614,8.47528393796585e-10,-0.999999994980828
"HMDB0060164",3.0227096663576e-10,3.83406577758861e-09,-0.999999998368981
"HMDB0060180",0.00912068775829848,-0.981852184750166,-0.971000718352905
"HMDB0060382",3.82345454698079e-08,3.14991401603539e-08,-0.999999995782828
"HMDB0060390",4.05832111462141e-10,1.08197289094699e-08,9.98216672220494e-09
"HMDB0060475",0.00499417298360353,0.00740516364863326,0.0126265766984672
"HMDB0060661",-0.999978481082177,-0.999867324630561,0.00216061889935941
"HMDB0060747",7.50920988641406e-05,8.6148222588154e-05,-0.999997891949975
"HMDB0061685",1.52001684787013e-08,4.43443240498979e-09,-0.999999991357703
"HMDB0061714",2.49330570995233e-05,2.21925119517583e-05,-0.999997693925152
"HMDB0062179",-0.999921555518017,-0.999908610011615,4.69001761487401e-08
"HMDB0062188",1.79369280657911e-08,2.09159276988299e-08,1.99121348005251e-08
"HMDB0062251",-0.998740214075895,0.062089604400587,0.154818415349939
"HMDB0062270",-0.992738540539957,0.095821328651471,0.323118996181371
"HMDB0062424",-0.999921555518017,-0.999908610011615,4.69001761487401e-08
"HMDB0062483",3.04304712784392e-07,-0.999999630663921,5.3686087885483e-07
"HMDB0062486",4.63553189631692e-07,5.9085497568046e-08,3.98167333215919e-08
"HMDB0062493",1.54626530988023e-07,6.75233132619924e-08,-0.999999978935298
"HMDB0062520",-0.99999995553236,-0.999999975673013,4.39744202585375e-09
"HMDB0062562",9.34436900869426e-08,-0.999999993754313,-0.999999989616274
"HMDB0062619",4.4560212908965e-08,2.51561239000804e-07,9.98604708985566e-08
"HMDB0062645",1.12127608492993e-05,4.97705168637123e-06,-0.999985488921797
"HMDB0062684",2.36923807545309e-08,1.00823808718159e-08,-0.999999999344924
"HMDB0062696",-0.999996276931023,-0.999999968863977,1.40256752592704e-08
"HMDB0062702",-0.999999087021657,1.33180970429566e-06,1.48933670904376e-08
"HMDB0062703",0.0989015522427028,0.0846339749028736,0.0230408965810405
"HMDB0062761",-0.999999990784794,3.80193014172409e-09,5.07039997048437e-09
"HMDB0062801",3.1069778592766e-08,1.3080170712839e-08,-0.999999995527148
"HMDB0240312",-0.999726980624743,-0.999707048778548,0.0037518888540099
"HMDB0240584",-0.999999279411933,6.82578591730584e-07,1.85963720806195e-06
"HMDB0240589",3.51709193669474e-09,8.86466957326792e-10,5.10759517819882e-09
"HMDB0240607",3.56538865061823e-08,1.00276192030038e-08,1.02460577705789e-09
"HMDB0240773",0.00118646337535803,-0.998331791217431,-0.999999984967586
"HMDB0240774",0.00105569756032175,-0.997525202581387,-0.999999933769669
"HMDB0242149",1.05396014312536e-08,-0.999999998163119,1.1841329609241e-08
"HMDB0242179",3.56538865061823e-08,1.00276192030038e-08,1.02460577705789e-09
"HMDB0242292",0.000645763581814693,0.002227611293663,0.00664680075547206
"HMDB0242325",-0.999999857234994,1.91106672234247e-08,-0.999999991197279
"HMDB0242348",2.64725508315167e-05,-0.999979171094548,-0.999918319152317
"HMDB0242363",5.60249126542849e-09,1.79912105030931e-09,-0.99999998272981
"HMDB0242392",1.44061308981996e-07,1.85445336145653e-08,-0.999999982102513
"HMDB0242411",-0.999999988056152,-0.999999993797019,-0.999999992986813
"HMDB0242414",-0.967803339518337,0.065689293001359,0.0994370076097319
"HMDB0242506",0.0447907197426271,0.0500700255575641,0.00514898868222955
"HMDB0242534",0.00506288731250638,-0.956133917166736,-0.988503408840875
"HMDB0242576",-0.999999942027226,-0.999999991196236,-0.999999982785622
"HMDB0242608",-0.999998049375702,1.40564715409388e-06,-0.999995559207754
"HMDB0242614",-1.9999999923611,-1.99999999504459,3.22963837104984e-08
"HMDB0242634",0.00596267501520185,-0.985831220048714,-0.993849471964875
"HMDB0242742",-0.99999999631991,-0.999999997523254,1.6213088710242e-08
"HMDB0243633",-0.996033761129363,0.0078869599819854,0.0132966332889262
"HMDB0244343",-0.988698280301439,0.00134997555352415,0.148626879712935
"HMDB0244347",2.46839462031803e-08,1.35433255747964e-08,3.55651089996631e-09
"HMDB0244369",-0.99999840782088,-0.999999509919186,-0.999999871453222
"HMDB0244445",-0.999999859245929,1.93863956407832e-08,-0.99999999181861
"HMDB0244465",2.96313959198044e-08,1.96998665809252e-08,-0.999999994853667
"HMDB0244522",2.27692811308241e-05,2.17513762091559e-05,-0.999997695446124
"HMDB0244553",0.00626706608738474,-0.984441756747018,-0.995603761694417
"HMDB0245099",0.00254486689393763,0.00528111175304476,0.003586723239834
"HMDB0245269",3.97225549920906e-08,1.20100878524455e-08,3.95426850349243e-10
"HMDB0245567",4.75924605913406e-06,-0.999991762841458,2.37973893565293e-08
"HMDB0245990",3.21499044628874e-08,2.38721827056292e-08,1.39709621026542e-08
"HMDB0246128",-0.993742970126618,0.0155806207946511,0.00440239598338877
"HMDB0246298",1.39586507723877e-07,-0.999999983062396,2.39242069487e-09
"HMDB0246318",1.76135808489741e-08,7.17908811846442e-09,5.23533796856603e-10
"HMDB0246552",5.91670933490974e-09,1.04680963393191e-08,3.63775375891305e-09
"HMDB0246682",-0.999999964418057,-0.999999990301796,-0.999999998265856
"HMDB0246887",6.86116760337331e-08,1.7012547903656e-08,3.73775186538066e-09
"HMDB0247113",2.28417189552407e-05,2.24560184358431e-05,-0.999932768305644
"HMDB0247117",-0.998253260425321,0.00317052710381372,0.00744636938667975
"HMDB0247192",7.02766779131956e-06,-0.999985703255401,-0.999991245315376
"HMDB0247294",6.02735542729529e-05,-0.999979088298403,-0.999998754896789
"HMDB0247474",0.000170238587510683,9.90191378534197e-05,0.000252168594996236
"HMDB0247485",6.86116760337331e-08,1.7012547903656e-08,3.73775186538066e-09
"HMDB0247706",0.0412699721564699,0.0349897706498683,0.00804348607661821
"HMDB0248410",1.477582644517e-07,1.47357354854134e-07,-0.999999994462196
"HMDB0248585",0.0105111403300429,0.00774807079020756,0.000152690353244734
"HMDB0248647",0.0261065540133202,-0.9347292156423,-0.983281720495639
"HMDB0250160",9.26031865287241e-09,3.30758338842837e-09,-0.999999999634467
"HMDB0250194",0.0227374556909924,0.0249107632468842,4.60512390944389e-08
"HMDB0250682",3.00915793390223e-06,1.80967074671181e-06,-0.9999741994311
"HMDB0250712",-0.994366978660369,-0.991588395482045,-0.987035113308634
"HMDB0250725",8.14517777395494e-06,1.82667896376602e-05,4.55645114704221e-08
"HMDB0250782",0.000233087753800755,0.000887607413234225,0.0209127572239999
"HMDB0250791",-0.995641587777395,0.00251121068213699,0.00339955481658577
"HMDB0251511",-0.988128366915016,-0.99214662651554,0.00312095476189206
"HMDB0251512",-0.997903063235497,-0.998071493474332,0.00340822060384616
"HMDB0251515",0.0347192000006492,-0.959184222648596,-0.9300546438408
"HMDB0251530",-0.999999967006449,-0.999999982431434,-0.999999997307432
"HMDB0251697",2.36177136778517e-09,-0.999999998549468,6.13167911910788e-10
"HMDB0252127",-0.999999992557101,1.04559525552164e-08,-0.999999977476184
"HMDB0252153",-0.999996467012726,6.13131423456171e-07,3.45061409469282e-07
"HMDB0252293",-0.999656121264127,-0.999767730601382,2.08893488682224e-07
"HMDB0252887",6.38462594664508e-10,-0.99999999717474,-0.999999997290895
"HMDB0253027",3.30258958639408e-08,-0.999999996931882,-0.999999985952209
"HMDB0253334",4.84962985539807e-08,3.09990730465955e-08,2.5364259079799e-09
"HMDB0253468",-0.999999985888463,7.29095025463238e-09,1.50923652207538e-08
"HMDB0254039",0.07510954638508,0.0765415611454314,-0.999999996824126
"HMDB0255048",-0.999999992060076,4.78106920431698e-10,-0.999999999702105
"HMDB0255053",-0.999999990353646,-0.999999999341121,-0.999999991516084
"HMDB0256281",2.26496927094401e-05,3.03250254594619e-07,-0.999998554382811
"HMDB0256618",-0.999999939922201,-0.999999927861445,3.84319189817039e-09
"HMDB0256817",0.000133902535811552,6.04644463677859e-05,-0.999853993365257
"HMDB0257139",6.6271071119489e-08,6.09300923565521e-08,1.34608798542669e-08
"HMDB0257594",1.90256086343243e-06,-0.999994882557689,4.18798900068008e-06
"HMDB0257686",-0.998485269845212,0.000416710527473136,0.0166212215579551
"HMDB0257923",-0.999999571735061,6.63760239648558e-07,-0.999998822293912
"HMDB0258420",6.95459799804613e-05,5.61687878241261e-05,0.000555824418689452
"HMDB0258742",3.12099621673546e-08,1.32679328400514e-08,-0.999999998123991
"HMDB0258856",3.79736410867473e-08,1.81596380332807e-08,1.1756142785582e-09
"HMDB0259219",0.0091548678191901,-0.975959668767501,1.70138596537407e-08
"HMDB0259827",3.35951101400296e-08,1.75305772644113e-08,8.68612887666848e-10
"HMDB0260267",-0.999999965949014,-0.999999973503587,-0.999999968141301
"HMDB0301757",-0.988133915283304,-0.975481691589522,-0.966318004858621
"HMDB0301760",-0.996505035293194,-0.999999963970832,6.36779816501487e-09
"HMDB0302203",0.000645763581814693,0.002227611293663,0.00664680075547206
"HMDB0302508",-0.999999997769856,6.42381798091723e-10,2.07288473882046e-09
"HMDB0302754",5.04806408561397e-08,1.6133950505988e-08,1.00148074605984e-08
"HMDB0302835",-0.999999990748379,1.5772381745798e-06,2.71277514657968e-06
"HMDB0303019",3.70530401875811e-06,3.09262325711893e-06,1.68421956753193e-08
"HMDB0303167",-0.999999990748379,1.5772381745798e-06,2.71277514657968e-06
"HMDB0303345",-0.999999160562576,7.53679867353045e-07,1.34285277693807e-06
"HMDB0303347",-0.999980365658147,4.55529628416955e-05,-0.999999591928365
"HMDB0303348",-0.999980365658147,4.55529628416955e-05,-0.999999591928365
"HMDB0303361",-0.988128366915016,-0.99214662651554,0.00312095476189206
"HMDB0303385",0.0347192000006492,-0.959184222648596,-0.9300546438408
"HMDB0303648",-0.999990043658852,-0.999994257515731,-0.999993827534908
"HMDB0303730",0.0553639517798571,0.00581546543977284,0.00291665310733203
"HMDB0303950",3.12826941495395e-05,2.24276158213905e-05,-0.999997723602404
"HMDB0303991",-0.999996124476097,-0.999986470847994,-0.999999988617609
"HMDB0304081",-0.999228333829958,0.00230440213602192,0.0039632158826334
"HMDB0304085",0.0304675648535116,-0.925896996944234,-0.970817108465776
"HMDB0304156",-0.999999974586451,-0.999999984015759,7.84055503752464e-09
"HMDB0304157",-0.999999390905941,3.49962169681351e-06,-0.999999748327951
"HMDB0304180",3.7402410515794e-05,8.78588937264994e-05,0.000173465934425367
"HMDB0304256",0.00232872548583377,-0.99923771620423,-0.997503377153281
"HMDB0304269",2.53865650349337e-05,1.91916009481734e-05,-0.999997708629047
"HMDB0304270",-0.999976826976161,4.3462068712279e-07,6.19898713352534e-06
"HMDB0304324",-0.992855513654016,0.0505156974808872,-0.921329255199962
"HMDB0304340",-0.995580781726138,-0.954163795686656,0.319236666954375
"HMDB0304356",1.08578199353173e-05,1.85528737528998e-06,7.92990792244493e-07
"HMDB0304376",2.86250201066325e-08,-0.999999993708753,-0.999999999037449
"HMDB0304424",-0.999998928122188,2.40751626989447e-06,5.65722968534955e-07
"HMDB0304435",3.41739842548773e-09,-0.999999999640232,3.02630354586367e-09
"HMDB0304443",-0.999999160562576,7.53679867353045e-07,1.34285277693807e-06
"HMDB0304496",-0.999991866145847,-0.999996272722205,-0.999973372156107
"HMDB0304547",-0.999999960115109,-0.999999994728533,-0.99999999704987
"HMDB0304632",0.00506288731250638,-0.956133917166736,-0.988503408840875
"HMDB0304722",-0.999999972437295,-0.999999990175211,-0.999999997413974
"HMDB0304771",1.27403302311223e-06,3.69703867931869e-06,-0.999863188904508
"HMDB0304810",-0.992738540539957,0.095821328651471,0.323118996181371
